industry_id,slogan_exists,icon_selected,template_id,sales_count
1,t,f,76753,1
14,f,t,6035699,1
6,f,t,3138622,8
96,t,t,184367,1
25,f,t,78837,1
60,t,t,798549,1
17,f,t,162721,1
1,t,f,668194,1
67,f,t,3107528,1
8,t,t,600969,1
,t,f,556878,4
29,f,f,835344,2
6,t,t,204942,1
6,t,t,3138622,10
12,f,t,150750,8
6,t,t,105886,1
6,f,t,778719,14
86,t,t,680977,6
59,f,t,400920,1
65,f,t,778719,2
77,t,t,3138622,5
21,f,t,207524,1
21,t,t,321154,1
3,f,t,835344,2
6,t,f,237769,1
54,f,f,3138622,1
41,t,t,74340,1
3,t,f,472633,1
96,f,t,150669,4
41,f,t,74044,1
39,t,t,680977,3
31,f,t,472636,1
3,t,t,2145610,9
60,t,t,74374,2
39,f,f,74374,1
72,f,t,421448,1
94,f,t,3394824,2
,f,t,265407,1
29,f,t,662049,1
85,f,t,662192,1
84,t,t,680977,3
34,t,t,472636,1
12,f,t,2237495,1
40,f,t,6109285,4
99,f,t,74340,1
17,t,t,673297,1
76,f,t,6035699,1
75,f,f,92666,1
40,t,t,266178,1
57,t,t,149551,6
36,f,t,175728,3
67,f,t,32935,2
40,f,t,150750,3
1,f,t,207355,2
37,f,t,601070,1
32,f,f,3593920,1
40,t,t,790382,2
99,f,t,3138622,1
45,t,t,6035699,1
130,f,t,3065031,1
1,t,t,169645,2
72,t,t,74374,2
55,f,t,556855,2
55,t,t,6038635,1
25,f,t,3371429,3
7,f,t,556855,1
39,t,t,149551,2
96,f,t,3581654,1
29,f,t,207524,1
60,t,t,6035699,1
39,f,f,179849,2
,t,f,265429,1
40,t,t,835344,2
67,t,t,80795,4
6,t,t,266242,1
14,t,t,472632,1
77,f,t,6035699,2
39,f,t,175728,5
,f,f,472636,1
6,f,f,169645,1
25,t,f,32563,2
12,f,f,6109285,2
13,t,t,149106,1
13,f,t,150750,5
54,f,t,601135,1
8,t,t,6035699,6
1,t,t,790382,3
51,t,f,162721,1
108,f,t,3077479,1
73,t,t,321431,1
37,t,t,74059,1
24,t,t,493167,2
40,t,t,3138622,2
73,t,t,321154,3
81,f,t,74488,1
33,t,t,472636,1
1,f,f,2974430,1
51,f,t,6035699,5
3,t,t,3138622,8
29,t,t,835344,2
84,f,t,493167,1
45,t,t,3065031,2
41,f,t,150669,3
3,f,f,3065031,1
94,t,t,3163893,1
30,f,t,274505,1
40,t,t,81165,1
41,f,t,150207,1
30,t,t,274884,1
67,f,t,6038544,1
12,f,t,472644,1
61,f,t,274505,2
13,f,t,680977,6
6,f,f,3138622,2
61,t,t,3065031,2
75,t,f,74374,1
52,f,f,600940,1
1,t,t,3581654,1
59,t,t,326960,1
94,f,t,662049,2
17,f,f,150669,1
32,t,t,6109285,1
78,t,t,669712,1
73,f,t,80437,1
94,t,t,421448,4
12,f,t,92666,1
45,t,t,326960,1
75,t,t,504786,1
21,f,t,327188,1
1,f,t,74044,1
25,t,t,32884,1
3,t,f,556878,1
77,t,t,6035699,3
36,t,f,73712,1
99,f,f,668180,1
12,t,t,6037719,6
11,t,t,3394824,1
44,f,t,662049,3
65,t,f,3065031,1
13,t,f,267723,1
6,f,f,150669,1
24,t,f,169645,1
47,t,t,668194,1
65,t,t,3138622,2
42,t,f,6109285,1
29,t,f,96003,1
76,t,t,3138622,1
15,t,t,87878,3
61,t,t,408562,2
62,t,t,680977,1
17,f,t,150669,1
6,f,t,3386735,3
85,t,t,2974173,1
28,t,t,321128,1
72,f,t,472635,1
63,t,t,73796,5
39,f,t,150207,1
29,f,f,149072,1
37,f,t,778719,6
26,t,t,80437,1
72,f,t,74374,1
3,f,t,6036009,1
63,t,t,3138622,12
17,f,t,556878,2
86,t,t,400762,1
86,f,t,73796,2
10,t,t,3138622,1
57,t,t,724928,1
12,t,t,80437,4
25,t,t,3371429,6
21,t,f,78837,1
24,t,f,835344,1
42,f,t,680977,4
1,f,f,87842,2
3,t,t,20,2
73,t,t,150514,1
21,t,f,3386735,1
131,f,t,3065031,1
77,f,t,6038196,1
83,f,t,74488,1
3,t,t,91274,2
80,f,t,327188,1
24,t,f,179880,1
15,f,f,87878,4
30,f,t,175728,1
15,f,t,87878,4
86,t,t,3164966,1
3,f,t,2974430,1
66,f,t,472637,1
39,f,t,3164270,1
45,f,t,6035699,2
1,t,t,3591052,1
47,f,t,472643,1
42,f,t,207524,1
63,t,f,3138622,1
94,f,t,778719,5
6,t,t,2145610,2
26,f,t,778719,1
33,f,t,421448,1
22,t,t,169645,2
72,f,t,6109285,2
83,f,t,798867,1
36,t,t,662049,1
6,f,t,73796,6
41,t,t,170400,1
3,t,t,266242,1
67,f,t,76753,1
29,f,t,267690,3
1,t,t,74059,1
39,t,f,78789,1
25,t,t,326810,1
22,f,t,835344,1
80,t,t,326810,2
80,t,t,778719,1
69,t,t,150514,1
80,f,t,835344,3
16,f,t,3082764,1
32,t,t,778719,1
6,t,t,835344,9
67,f,t,76526,1
84,f,t,74488,1
6,f,t,92421,5
84,t,t,69515,1
1,t,t,32563,4
67,f,t,472632,3
60,t,t,421448,1
12,f,t,493167,1
78,f,t,408562,1
72,f,t,400533,1
72,t,t,187578,1
21,f,t,132580,1
76,t,t,680977,1
80,f,t,6035699,1
20,t,t,472636,2
8,t,f,6035699,1
52,f,t,556855,2
52,t,t,6038635,6
28,t,t,472636,1
61,t,t,326920,1
3,t,t,601046,1
15,t,t,80795,1
1,f,t,91245,4
25,t,t,150652,1
31,t,t,3386735,1
50,f,t,74374,1
21,t,f,208991,2
1,t,t,761016,1
3,t,t,150750,9
11,f,t,266178,1
30,t,t,150750,1
84,t,t,472636,1
12,t,t,400762,3
73,t,f,78837,1
45,f,t,326920,1
24,t,t,6038635,2
47,t,t,472635,2
72,f,t,673297,1
6,t,f,408562,1
34,f,t,3138622,2
6,f,f,835344,8
94,f,t,150750,2
1,f,f,69515,1
36,t,t,187578,1
84,f,t,111575,1
,t,f,91274,2
73,f,t,6036009,1
1,t,t,267723,1
72,f,t,504583,2
31,f,t,798549,1
6,t,f,3082490,1
1,t,t,556855,1
3,t,t,662049,2
84,f,t,150669,3
2,t,t,3591052,1
36,f,f,680977,3
6,t,t,208991,1
72,t,t,150669,1
36,t,f,32861,1
83,f,f,74488,1
34,f,t,669712,1
45,f,t,3065031,2
52,t,t,149551,7
44,t,t,266220,1
,t,t,3138622,22
56,f,t,3077479,1
42,f,t,400746,1
92,t,t,209112,1
67,f,t,431561,1
6,f,f,3371429,2
,t,f,321431,1
3,t,t,3065031,12
72,f,t,601099,1
81,f,f,680977,4
67,t,t,778719,18
67,f,f,179849,1
73,f,t,400533,2
,t,f,179939,1
3,f,t,6035699,9
8,t,t,96253,1
67,t,f,20,1
57,f,t,32884,1
51,t,t,408562,2
84,t,t,835344,1
45,t,f,6109285,1
11,f,t,3065031,3
94,t,t,400533,1
39,t,f,421448,1
42,t,f,2252248,1
54,t,t,3138622,5
21,f,t,779703,1
13,t,t,80437,2
6,f,f,78837,1
41,f,t,6035796,1
82,t,t,768558,1
2,t,f,3371429,1
,f,f,74374,6
6,t,t,74488,4
29,f,t,6036009,1
96,t,t,6038544,1
29,f,t,3591052,2
17,f,t,326810,2
47,t,f,80795,1
29,f,t,73796,7
54,t,t,472636,2
76,f,t,92421,1
12,f,f,74374,1
67,t,t,267723,1
94,t,t,835344,9
16,f,t,150750,3
12,t,t,73796,2
57,f,t,400920,1
47,t,t,6109285,3
57,f,t,209112,1
17,f,t,668194,1
84,t,f,556855,1
3,f,t,3065031,12
16,f,t,3065031,4
75,f,t,6109285,2
36,t,t,3593920,4
63,t,f,81165,1
3,t,t,2146025,2
16,t,t,208991,3
67,t,t,150669,2
60,f,t,266350,1
16,t,t,472636,5
61,t,f,80437,1
42,t,t,80437,3
44,f,t,74488,1
80,t,f,3065783,1
92,t,t,790382,1
96,t,t,431581,3
77,t,f,3371429,1
,t,f,87842,1
55,f,t,321431,1
6,t,t,326810,1
29,t,t,96253,1
40,t,t,74498,1
29,t,t,3371429,6
39,f,t,265407,1
45,t,t,266242,1
66,t,t,326810,1
11,f,t,6037719,3
77,f,t,74059,1
29,f,t,673297,3
94,t,t,493167,4
67,f,t,556873,1
63,t,t,798957,1
52,t,f,87878,1
10,t,t,400762,1
8,t,t,321154,1
6,t,f,3262563,1
31,f,t,472643,1
52,t,f,556855,1
76,t,t,175728,3
,f,f,266371,1
72,t,t,170892,1
73,f,t,150750,4
18,t,t,472643,1
36,t,f,32021,1
36,t,f,180067,1
40,t,t,472635,1
42,t,f,274898,1
130,t,t,3138622,1
8,t,t,175728,1
61,t,t,3974200,1
52,f,t,74059,4
45,f,t,472636,3
15,f,t,3591052,1
63,t,t,6109285,1
6,f,f,6037719,1
22,t,t,150750,2
47,f,t,807806,1
60,t,t,326757,1
42,f,t,761016,1
,f,t,150750,26
3,t,t,76526,4
15,f,t,184367,1
6,f,t,150652,2
57,f,t,73796,1
10,t,t,96253,2
30,t,t,2974173,1
33,f,t,207524,1
55,f,f,326810,1
,t,t,179849,1
57,t,t,798549,1
,f,f,91245,2
65,f,t,3065031,2
,f,t,472639,1
85,t,t,778719,4
6,t,f,680977,24
63,t,t,149072,3
37,t,t,321154,1
3,t,t,74488,1
2,f,t,3371429,1
80,t,t,798549,2
16,t,t,150669,1
46,f,t,150669,1
86,t,t,3371429,9
50,t,t,556855,1
21,f,f,556878,1
7,t,f,3155773,1
44,t,t,778719,7
24,t,t,3155773,1
1,t,t,3371429,1
26,f,t,32935,1
2,f,t,3386735,1
3,t,t,600846,1
44,t,t,162721,1
31,f,t,133715,1
82,t,t,2974173,1
42,f,t,556878,1
52,t,t,680977,7
45,t,t,150750,1
76,t,f,421448,1
36,f,t,265238,1
95,t,t,110409,1
63,t,t,680977,6
44,t,t,80437,2
16,f,t,274505,2
6,f,t,493167,4
36,f,f,3065031,1
,f,f,421467,1
67,f,t,556855,2
6,t,t,472635,3
95,f,t,3065031,3
6,f,t,2974430,1
80,f,t,844059,1
86,t,f,3138622,1
63,f,t,6037719,2
67,t,f,162721,1
81,t,t,85850,2
94,t,f,2252248,1
44,f,t,472636,4
8,f,t,76526,1
51,f,t,778719,1
21,f,f,421448,2
2,t,t,3974200,1
6,t,t,472632,1
42,f,t,73796,1
22,f,f,3077479,1
83,t,t,835344,1
3,f,t,20,1
,t,t,274898,1
52,f,t,175310,1
21,t,t,778719,12
6,t,t,3394824,2
67,t,f,6038326,1
18,f,f,78885,1
18,f,t,74059,1
47,f,t,80795,1
28,f,t,150669,2
28,t,t,76526,1
12,f,t,150229,1
52,f,t,87878,3
22,t,t,265407,1
59,t,t,207376,1
11,f,t,162098,1
67,t,t,321154,2
50,t,t,778719,1
60,f,t,3263751,1
7,f,t,6038705,1
3,t,t,6035796,1
40,f,f,175728,1
66,t,t,790382,1
46,f,t,472639,1
54,t,t,87842,1
15,f,f,150750,1
12,t,t,493167,3
46,f,t,835344,1
8,f,t,680977,1
67,f,f,556878,1
3,f,t,175728,4
92,t,t,3593920,1
47,f,t,472636,3
36,f,t,85850,2
65,t,f,680977,2
77,f,t,798867,1
80,t,t,680977,4
80,t,t,3593920,1
7,f,f,3082764,1
17,t,t,431561,1
94,f,t,326757,1
56,t,f,91245,1
77,t,t,6038635,1
35,f,t,74340,1
29,f,f,421448,2
10,t,t,78837,1
25,f,t,421448,3
29,f,t,170400,2
16,f,t,92421,3
67,f,t,132580,3
41,t,t,556878,1
40,t,f,6038705,1
10,t,t,472643,2
52,t,f,32563,1
12,f,t,150669,6
,t,t,778719,37
12,t,t,111575,1
29,f,t,472636,1
25,f,f,32029,1
11,t,t,74044,1
36,f,t,150669,1
,t,t,207376,5
45,f,f,3065308,1
86,f,f,76753,1
,t,f,2145610,1
86,t,t,472633,1
60,f,t,3371429,1
73,f,t,150652,1
63,t,t,2145610,2
87,f,t,3386735,1
28,f,f,556878,2
63,t,t,400533,1
47,t,t,3371229,1
51,t,t,778719,3
44,t,t,2144698,2
17,t,t,431581,1
59,t,t,162721,1
10,f,t,669555,1
81,t,f,662192,1
34,t,t,80795,1
39,f,f,680977,6
7,f,t,74059,1
31,f,t,78837,3
2,t,f,680977,1
87,t,t,778719,1
41,f,t,600940,1
41,t,t,74488,1
50,t,t,74374,1
44,t,t,2145610,4
7,t,t,472636,3
96,t,t,74044,1
80,t,t,326757,1
21,f,t,761016,2
29,t,t,6036009,2
86,f,t,3581654,1
29,f,f,32563,1
15,t,f,680977,2
7,t,t,150750,5
16,f,t,74356,1
,t,t,3557622,4
28,t,t,74374,5
1,t,t,3262563,1
67,t,t,209112,1
42,f,t,326757,1
2,f,f,680977,4
83,f,t,680977,4
75,f,t,400762,5
75,t,t,326757,2
80,f,t,6109285,3
21,f,t,78837,1
28,t,f,680977,3
57,t,t,73796,1
80,t,f,798867,1
60,t,t,3138622,3
63,f,f,3065031,1
76,t,t,6037719,1
95,f,t,421448,1
77,t,f,162721,1
131,t,f,778719,1
35,f,t,32935,1
76,f,t,20,1
40,f,t,73575,1
14,t,t,80437,1
39,t,t,74498,3
69,t,t,3155773,1
39,f,t,408562,1
29,t,t,556878,3
17,f,t,400746,1
25,t,t,321154,1
7,f,t,175728,2
76,t,t,150669,1
8,t,t,662049,1
29,f,t,80795,1
39,f,f,3371429,3
29,t,t,76526,1
72,t,f,798867,1
22,f,f,401155,1
3,f,t,673297,1
50,t,t,768558,1
2,f,f,6109285,1
82,f,f,680977,2
21,t,t,74059,1
,t,t,601070,1
83,f,t,321145,1
6,t,t,169645,1
95,t,t,150750,1
86,t,f,3065031,1
21,f,f,3065031,1
37,f,t,326757,1
94,f,t,798549,1
45,f,t,85601,1
34,f,t,150750,1
41,t,t,3371429,5
55,f,t,74488,1
7,t,t,6038635,2
47,t,t,3082764,1
14,f,t,400762,1
67,f,t,3394824,1
31,f,t,600846,1
86,f,f,6038175,1
,f,t,169645,1
34,f,t,400746,3
16,t,t,3138622,2
40,t,f,91274,1
44,f,t,472643,2
,t,f,472633,4
,f,t,6038196,2
29,t,t,73274,1
30,t,t,431581,1
42,t,t,601070,1
1,f,t,79138,1
7,f,t,3065031,6
3,f,t,680977,2
12,t,t,421448,2
12,t,f,74374,2
3,f,t,6109285,6
54,t,t,421448,1
28,t,t,175728,4
1,f,t,6038098,1
86,f,t,150617,1
45,f,t,790382,1
30,t,t,74488,1
17,t,t,274884,1
17,t,t,150306,1
36,t,t,74374,8
75,t,t,170400,2
44,t,t,76526,1
36,t,t,326757,1
,t,t,170400,6
93,f,t,778719,1
13,t,t,3065031,5
95,t,t,835344,1
45,t,t,493167,2
7,t,t,761016,1
28,f,f,87842,1
6,t,f,162721,1
55,f,f,3164966,1
,f,t,80437,5
11,f,t,149072,5
1,f,t,20,1
94,t,f,835344,1
85,t,t,74044,1
75,t,t,768558,1
42,f,t,6038196,1
3,f,t,321431,1
42,f,t,76753,1
72,t,t,3262563,1
29,f,t,472644,1
,t,t,6038326,1
39,f,t,768558,1
21,t,t,493167,1
3,f,t,87842,1
21,t,f,3581654,1
24,t,t,150514,1
81,f,t,835344,1
31,t,t,3492422,1
41,f,t,170400,1
16,t,t,91245,2
86,t,t,76526,1
81,t,t,162098,1
15,t,t,768558,1
29,t,t,600969,1
24,t,t,673297,2
28,t,t,207524,1
80,t,t,207376,1
25,t,t,96253,1
7,t,t,3155773,1
30,f,t,680977,2
52,f,t,6038098,1
22,t,t,673297,1
29,f,f,3492422,1
42,f,f,421448,1
75,t,t,6109285,3
67,t,t,76753,1
92,f,t,680977,2
52,t,t,400762,1
83,f,t,132580,1
,f,t,150488,3
70,f,t,662049,1
52,f,t,80437,2
21,f,t,421448,9
57,f,t,150669,1
36,t,t,669712,1
36,t,f,3371429,1
65,t,t,6109285,3
130,f,t,149072,1
86,f,t,6037719,2
12,f,f,32029,1
22,t,t,74340,1
51,t,t,150750,1
42,t,t,2144698,1
36,t,t,6038196,1
78,f,t,3065031,1
94,f,t,179939,1
61,t,t,32563,1
14,t,t,78378,1
81,f,f,76753,1
,t,t,3394824,2
20,f,t,778719,1
,f,t,3263751,1
73,f,t,78837,1
62,t,t,6038434,1
,f,f,2237495,2
11,f,t,600969,4
63,f,t,207524,1
80,f,t,778719,2
25,f,t,6038175,1
75,t,t,266201,1
44,t,t,73796,2
36,f,f,74374,1
36,f,t,150750,1
86,t,f,74374,1
72,t,t,175728,1
17,t,f,3065031,2
,t,t,768558,1
61,f,f,175728,1
83,t,t,3593920,2
24,t,t,556878,1
44,f,f,556855,1
25,t,t,74044,1
94,t,t,74488,1
29,f,f,400920,1
63,f,f,111575,1
86,t,t,504786,1
83,t,t,76753,1
81,t,t,274505,1
6,t,f,91274,1
67,t,t,80437,6
,t,t,6038434,9
26,f,t,149072,2
16,f,t,76526,1
21,t,t,32021,1
72,f,t,472643,1
55,f,t,472636,4
62,f,t,680977,1
94,t,t,472633,3
6,f,t,326757,1
,f,t,274505,2
39,t,t,3138622,9
25,f,f,680977,2
29,t,t,779703,1
29,t,t,3138622,19
86,f,f,421448,1
39,t,t,401155,1
54,t,t,3065031,1
11,f,t,3107528,1
46,f,t,74059,1
13,t,t,556855,1
75,t,t,3394761,1
73,f,t,6035796,1
28,f,t,6036009,1
42,t,t,400596,1
18,f,t,73796,1
42,f,t,237823,4
26,t,t,472636,1
3,f,f,680977,1
52,t,t,74059,2
29,t,t,6109285,8
55,t,f,74374,2
15,t,f,400746,1
25,t,t,150578,1
34,t,t,149072,1
54,f,f,556878,1
15,f,t,150669,3
,f,t,266220,1
6,t,f,6038544,1
7,f,f,493167,1
7,f,t,400533,1
94,t,t,274505,1
69,t,f,266242,1
17,f,t,421815,1
75,t,t,680977,6
36,t,t,69515,1
83,f,f,87842,1
73,t,t,149551,9
96,t,f,91245,1
18,f,t,74374,1
60,f,t,778719,1
22,t,f,3138622,1
25,t,f,110438,1
,t,f,400982,1
77,t,t,3593920,1
67,t,t,326757,1
54,t,t,150750,2
96,f,f,3386735,1
39,f,f,150207,1
77,f,t,80437,1
21,f,t,408562,1
80,f,t,175728,2
96,t,t,662049,2
83,f,t,6035699,2
29,t,t,74488,6
54,t,t,150669,2
88,f,t,175728,1
54,f,t,6038098,1
75,t,t,91274,1
6,f,f,179849,1
84,f,t,85850,1
25,t,f,73524,1
39,f,t,3581654,2
6,f,t,400533,2
33,t,t,680977,1
75,t,t,6038635,1
15,f,t,6038544,1
36,t,f,835344,2
96,t,t,680977,4
12,f,f,421815,1
73,t,t,73796,4
63,f,t,556871,1
,f,t,320172,1
,f,t,74340,1
75,f,t,6035699,2
73,t,t,400533,1
3,t,f,92495,1
36,f,t,162098,1
36,t,t,3386735,1
61,t,t,150669,1
47,t,f,400762,1
63,t,f,3371429,2
29,f,t,88039,1
11,t,t,150750,1
44,t,t,6038635,1
41,t,t,660847,1
86,f,t,149072,1
44,t,t,265407,1
37,f,t,3591052,1
96,t,t,493167,3
52,f,f,20,1
,t,f,326920,1
14,t,t,400762,1
72,t,f,150207,1
21,f,t,74044,1
67,t,f,74507,1
12,f,t,3164270,1
47,f,t,111575,1
12,t,f,20,1
20,t,t,601046,1
57,t,f,3138622,1
7,f,f,74340,1
12,t,t,238456,1
62,t,t,3492422,1
41,t,t,78885,2
39,t,t,3371429,5
93,t,t,74044,1
42,f,t,400762,2
67,t,f,169278,1
12,f,f,179849,1
1,t,t,207355,1
21,t,t,96253,2
96,f,t,74488,3
36,f,t,400762,3
39,t,t,162721,1
41,t,t,3164966,1
57,t,f,3065031,1
26,f,t,85528,1
50,f,t,421448,1
30,t,t,3371429,1
73,f,t,3371429,8
,f,t,162721,1
28,f,t,169645,1
75,t,t,74351,1
108,t,t,3371429,3
6,t,f,3155773,2
17,f,f,3065031,1
24,f,t,680977,5
16,f,t,2145610,1
25,t,t,149072,3
28,f,t,673297,3
3,t,t,321154,1
16,f,t,326757,1
3,t,t,207340,1
6,f,t,150750,3
8,f,t,3593920,1
54,f,t,600969,2
63,t,t,170400,1
6,f,t,85601,2
12,t,t,92421,1
57,t,t,76840,2
,f,t,3593920,5
,t,t,3156040,1
92,f,f,32895,1
81,t,t,3138622,2
96,t,t,2145610,1
75,f,t,6038705,3
83,f,t,175310,1
25,f,f,400762,1
29,t,t,321277,1
76,t,f,3065031,1
24,f,t,73796,2
92,f,t,175728,2
35,t,t,78131,1
25,f,t,768558,1
35,f,t,237823,1
67,f,t,778719,19
11,t,t,88039,4
67,t,f,3065031,2
83,f,t,150669,1
36,f,t,149106,1
14,t,t,2145610,1
39,f,f,556878,1
42,f,t,6109285,1
12,f,t,321145,2
37,f,t,6035699,1
32,f,t,85601,1
72,f,t,778719,2
28,t,f,493167,1
25,t,t,472635,2
50,f,f,472643,1
7,f,t,601026,1
31,f,t,74044,1
,t,t,472639,1
3,t,t,327010,1
34,f,t,778719,3
51,f,t,472636,1
6,f,t,266178,1
67,t,t,601099,1
32,t,t,150652,1
73,f,f,6035699,1
81,t,t,680977,6
12,f,t,74059,1
99,f,t,74374,1
86,f,t,680977,6
56,t,t,493167,1
,t,f,32563,2
76,t,t,2145610,2
2,f,t,3065031,1
99,t,t,3065031,2
3,f,f,3164270,1
67,f,t,149072,1
1,t,t,6037719,1
,f,t,132580,1
54,f,t,6037719,1
55,f,t,6037719,1
2,f,t,149072,2
33,t,t,421467,1
35,f,f,778719,1
63,t,t,669601,1
,f,f,400762,6
94,f,t,76753,1
63,f,t,672836,1
76,t,t,3371429,2
3,f,t,150617,1
36,t,t,680977,11
51,t,f,74488,1
12,f,t,472632,1
45,f,t,408562,2
54,f,t,327010,1
61,t,t,3138622,2
51,t,t,472633,1
17,f,t,6109285,3
73,t,t,208991,2
63,t,t,87878,1
47,t,t,680977,1
108,f,f,556878,1
29,f,f,69515,1
41,t,t,835344,1
86,f,t,600846,1
12,t,t,265429,1
14,t,t,96253,2
,t,f,179849,1
40,t,t,321154,1
54,f,f,6038196,1
44,t,t,96003,1
75,f,t,472639,1
51,t,t,2145610,1
36,f,f,150153,1
86,f,f,2237495,1
84,t,t,673297,4
67,f,t,680977,13
11,f,t,321431,2
33,t,t,400655,1
67,t,t,669712,1
69,f,t,266201,1
61,f,t,150750,2
29,t,t,169278,1
25,f,t,493167,2
86,f,t,69515,1
86,t,t,2895905,1
40,t,t,32029,1
17,t,t,504583,2
,t,t,472643,1
26,t,t,326960,1
3,f,t,327188,1
3,t,t,74411,2
95,t,t,3065031,4
44,t,t,6035699,2
29,f,t,3107528,1
85,f,f,6035796,1
67,t,t,76526,3
40,t,t,187578,1
81,f,t,150488,1
55,f,f,74488,1
57,t,t,175728,1
25,t,t,2146025,1
21,f,f,493167,2
28,f,f,207524,1
28,f,t,74488,1
8,f,t,73796,3
,t,t,76526,3
33,f,t,170400,1
94,t,f,421448,2
8,t,t,87842,1
7,t,t,408562,1
25,t,f,237769,1
12,t,t,169645,1
8,t,t,32563,1
21,t,t,6036179,1
7,f,f,3065031,1
42,t,t,3593920,1
67,t,t,6030172,1
45,t,f,3065783,1
45,t,f,32935,1
17,t,f,265423,1
13,f,t,175728,2
37,f,t,150750,3
21,t,f,80437,1
36,t,t,3155624,1
39,f,f,87878,1
33,f,t,78837,1
6,f,f,150750,1
57,f,f,150750,1
,f,t,96256,1
52,t,t,472636,1
94,t,t,3492422,2
85,f,t,179730,1
6,f,t,267690,1
,t,f,472636,3
35,f,t,3138622,5
29,t,t,790382,1
63,t,t,150750,5
52,t,t,73712,1
63,t,t,96253,7
77,f,t,150750,1
28,t,t,6035699,4
16,t,f,204942,1
30,f,t,327188,1
36,t,t,3371429,5
13,f,t,6035699,1
73,t,t,3974200,1
2,f,t,3138622,1
17,t,t,662049,4
,t,f,87878,1
63,t,t,80795,1
29,t,t,150652,1
8,f,t,150669,1
67,t,t,180067,2
3,t,t,2974430,2
67,t,t,73796,5
8,t,t,3492422,1
83,t,f,2252248,1
46,f,t,80795,1
6,f,t,556878,1
29,f,t,400746,2
16,t,t,3371429,1
17,t,t,2145610,4
,t,t,2145610,18
47,f,t,74374,1
73,t,t,3164966,1
75,t,t,3371229,1
3,t,t,3557622,6
37,t,t,74488,1
41,t,t,78837,1
17,t,t,96317,2
28,f,f,74351,1
12,f,t,6035699,4
75,f,f,556878,1
6,t,f,76753,2
25,f,t,3155773,1
80,t,t,74059,1
17,f,t,150488,1
24,t,t,472633,5
42,t,t,2145610,1
21,t,f,6036009,1
86,f,f,179849,1
,f,t,472635,4
94,t,t,504583,1
55,f,t,668194,1
84,f,f,680977,2
,f,t,78837,12
44,f,t,835344,1
36,t,t,74351,1
39,t,t,321277,1
,t,f,275152,1
25,t,f,317457,1
32,t,f,91245,1
73,t,t,3593920,1
22,t,f,680977,6
13,f,t,74374,1
31,f,f,32895,1
25,t,t,431581,2
55,t,t,193622,1
2,t,t,6109285,1
,t,f,86469,1
36,f,t,132580,2
67,f,t,150669,9
44,f,t,3138622,3
15,t,t,96253,3
,f,t,3371429,10
96,f,t,321431,1
75,f,f,78885,1
73,t,t,150380,1
3,f,t,92421,5
,f,t,3138622,15
6,f,f,91245,2
30,t,t,209112,1
46,f,t,274884,1
15,t,t,149072,1
29,t,f,162721,1
,t,t,798549,2
6,f,t,74044,1
21,t,f,472633,1
24,f,t,835344,1
31,t,t,798549,2
6,t,t,3301917,1
33,t,t,3371229,1
35,f,t,32861,1
30,t,t,175728,1
28,f,t,3371429,1
10,f,t,680977,2
13,f,t,321431,1
40,t,t,74488,2
16,f,t,73796,5
6,t,t,400762,1
72,t,t,798867,1
25,t,t,74059,2
86,f,t,668180,1
73,f,t,6038705,1
21,f,f,835344,2
41,f,f,150669,1
29,t,f,680977,2
72,f,t,321138,1
94,t,t,327188,1
36,f,f,493167,1
3,t,t,835344,2
,t,f,208991,1
55,t,t,778719,4
34,f,t,662049,1
15,t,t,274505,1
81,t,t,96253,2
,f,f,170400,1
,f,t,266211,4
63,f,t,472644,1
81,f,f,835344,1
6,t,t,169278,2
82,f,t,421448,1
54,f,t,799093,1
82,t,t,149551,1
,f,t,149551,1
73,f,t,3164966,1
42,t,f,400762,1
,t,f,421448,7
67,f,t,20,1
84,f,f,87842,1
62,f,t,74488,1
39,f,t,600846,1
15,t,t,79138,1
26,f,t,184367,1
51,f,f,150750,1
6,t,t,6035699,9
70,f,t,207340,1
52,f,t,74374,1
3,t,t,3581804,1
84,f,t,400746,1
,f,f,76753,1
88,t,t,74498,1
44,t,f,3065031,1
24,t,t,661952,1
81,f,t,150153,1
72,t,t,6035699,5
93,f,t,421448,1
45,t,t,3371429,1
6,t,t,2144698,1
55,f,t,149072,1
13,t,t,87878,1
80,t,f,662049,1
72,f,t,175728,1
3,t,t,778719,17
24,t,t,237823,2
69,f,t,401155,1
57,f,t,87878,1
24,t,t,680977,3
83,t,t,85601,1
30,t,t,2145610,1
80,f,t,132580,1
72,t,t,472635,3
77,f,t,73796,1
82,t,t,3593920,1
29,t,t,149072,2
30,f,f,73796,1
7,t,t,179730,1
59,t,f,91245,1
8,t,t,187578,1
1,t,t,400746,1
86,t,f,835344,2
55,t,t,6038434,1
,t,t,3333176,1
75,f,t,6038196,3
51,f,t,150669,2
39,t,t,673297,3
94,f,t,3581654,2
63,f,t,421815,1
40,t,t,778719,2
54,f,t,132580,1
73,f,t,3138622,3
6,t,t,74059,3
16,t,f,472632,1
96,t,t,472636,2
67,t,t,96317,1
41,t,t,400533,1
73,f,t,266220,1
30,f,t,6038196,2
6,t,t,150514,1
3,t,t,32563,1
57,f,t,3386735,1
63,t,t,472636,6
29,f,f,32021,1
25,t,t,421448,6
37,f,t,556855,1
80,t,t,472635,1
54,f,t,400762,1
25,t,t,180067,1
24,t,t,669712,1
41,f,t,92421,1
75,t,t,835344,2
6,t,t,472636,3
18,t,f,680977,1
,t,t,2144698,1
21,f,t,6035699,1
96,t,t,662192,1
12,t,t,149551,1
25,t,t,162721,2
97,t,t,3155773,1
10,t,t,150750,1
83,t,t,149551,2
73,f,t,400746,1
11,t,t,556873,1
,t,t,110409,2
7,f,t,778719,2
36,f,t,111575,1
44,t,t,669712,1
72,t,t,408562,1
10,t,t,472636,2
55,f,t,680977,6
13,t,t,493167,1
3,t,t,179880,1
96,f,t,150652,1
12,t,t,175728,1
8,f,t,2974430,1
130,t,t,32563,1
86,f,f,680977,3
28,f,t,132580,2
52,t,t,175728,3
95,f,t,175728,1
67,f,t,69515,1
82,f,t,92421,1
62,f,t,162721,1
13,f,t,408562,2
29,f,f,3591322,1
85,t,t,3065031,2
3,t,f,680977,4
29,t,t,6036179,1
22,t,t,6037719,1
57,f,t,835344,3
41,f,f,680977,1
36,t,t,207524,1
83,t,t,778719,6
61,t,t,150750,1
28,f,t,556855,1
11,t,t,3557622,2
84,t,t,6038635,2
8,t,f,3371429,1
75,f,t,150207,1
94,f,t,32029,1
21,t,t,80437,1
16,t,f,421448,1
20,t,t,601070,1
72,f,t,680977,4
36,t,f,421448,1
51,t,t,149551,4
,f,t,6037719,6
1,t,t,96253,2
81,t,t,6035699,1
24,t,t,556855,1
73,t,t,179730,1
7,f,f,3077479,1
57,t,f,81165,1
80,f,t,3081935,1
16,f,t,472636,2
130,t,t,266242,1
15,t,t,762232,1
29,t,t,175728,3
83,t,t,326920,1
18,t,t,680977,1
77,f,t,73274,1
67,t,t,87878,2
22,f,t,32563,1
,t,f,80437,1
99,t,t,6038635,1
31,t,t,472633,2
12,t,t,150750,6
16,t,t,207524,1
10,f,f,472643,1
36,f,t,3065031,11
41,f,t,601099,2
63,f,t,669601,1
96,t,t,150750,1
86,f,t,3386005,1
15,f,t,472643,2
60,t,t,87842,1
85,t,f,3333176,1
84,t,t,3394824,1
94,f,t,6109285,3
,t,t,556855,4
8,t,t,149551,4
67,t,t,662192,1
34,f,t,3065031,1
35,t,t,321154,1
3,f,t,91245,1
39,f,f,170400,1
25,f,t,80437,1
6,t,t,493167,3
13,t,t,668194,1
76,t,t,73796,5
83,t,f,3065031,1
7,t,t,431581,1
72,f,f,779703,1
22,f,t,179849,1
28,t,t,80437,5
28,t,f,74059,1
75,f,t,6037719,2
62,t,t,208991,1
69,t,f,78885,1
54,f,t,472635,1
25,t,t,2144698,3
24,t,t,74374,2
36,t,t,321154,2
,f,f,162721,2
37,t,t,74498,1
32,f,t,32502,1
77,t,t,2145610,1
85,t,t,150750,1
72,t,t,3065031,3
65,t,t,74351,1
96,f,f,91245,1
95,f,t,149072,2
60,t,t,3371429,3
6,f,t,169278,2
6,f,t,400746,3
46,t,t,2145610,1
15,t,f,6038326,1
8,f,t,266178,1
83,t,t,421448,7
17,f,t,661952,1
16,t,t,662146,1
6,f,t,3156040,1
6,f,t,472639,1
,t,t,668194,1
,f,t,74351,2
,f,f,3065031,4
15,t,t,673297,6
52,f,t,556873,1
,f,t,661952,2
67,t,t,2237495,1
24,t,t,73796,4
86,t,f,6037719,1
21,t,t,680977,12
12,f,t,3593920,1
29,t,f,556855,1
41,f,t,76526,1
70,t,t,274898,1
42,f,t,778719,7
81,t,t,149383,1
44,f,t,321431,1
33,t,t,175728,1
20,t,t,3065031,1
13,t,t,73796,2
57,f,t,798867,1
29,t,f,835344,1
16,t,t,80437,3
57,t,t,150514,1
12,t,t,2145610,8
6,f,f,472636,2
30,t,t,274505,1
52,t,t,408562,1
88,f,t,669712,1
6,t,f,835344,3
7,t,f,74351,1
29,t,t,2145610,1
57,t,t,472632,1
31,t,t,208991,1
42,t,f,472639,1
,f,f,78885,2
41,t,t,184050,2
67,f,t,798867,1
67,t,t,265407,2
18,t,t,275152,1
,f,t,87842,6
94,t,f,169278,1
63,t,f,78837,1
6,t,t,150652,3
84,t,t,73796,1
60,f,f,149551,1
33,f,t,835344,1
,f,f,3164270,3
63,f,t,807806,2
67,t,t,431581,3
12,f,t,421815,1
6,f,t,87842,2
44,f,t,556871,1
46,t,t,835344,1
75,f,f,6037719,1
17,t,t,180067,1
,t,t,32029,1
97,f,t,680977,2
24,t,t,472636,1
33,t,t,3371429,1
77,t,t,421467,1
,f,t,400762,12
54,f,f,321431,1
81,f,t,6035699,2
35,f,t,400533,2
36,t,t,6035699,5
65,f,t,274505,1
40,t,t,6109285,5
77,f,t,661952,1
28,t,f,275152,1
96,f,t,170400,2
28,f,t,6038544,2
,t,f,3333176,2
,t,t,472635,8
2,t,t,150669,1
75,t,t,3371429,2
86,f,f,69515,1
87,t,t,149551,1
59,t,f,23,1
59,t,t,3492422,1
,f,t,74488,10
21,f,t,92421,2
6,f,t,768558,1
86,t,t,3138622,9
131,f,t,150750,1
94,f,t,680977,5
29,f,t,6035699,11
28,t,t,111575,1
63,f,t,3065031,2
18,t,t,6038635,1
6,t,t,79138,1
81,t,f,74374,1
42,t,f,6038434,1
25,t,t,3394824,1
11,t,t,274884,1
25,f,t,778719,2
96,t,t,3394824,1
,t,t,96003,1
69,t,t,79138,2
52,f,t,493167,2
94,f,t,78837,1
28,t,t,74059,5
86,t,t,835344,2
83,t,t,790382,1
2,f,t,472636,1
75,t,f,472636,1
16,t,f,326757,1
77,t,t,74488,1
8,f,t,3065031,3
81,f,t,6030172,1
83,f,t,3065031,3
12,t,t,3371429,3
84,f,t,3591052,1
57,t,f,110409,1
47,t,t,790382,1
57,t,f,504583,1
3,t,f,3371429,1
1,f,t,472643,1
21,t,t,73796,1
76,f,t,790382,1
6,t,f,32029,1
63,t,t,20,1
81,f,t,80437,1
69,t,t,3138622,1
25,t,t,400533,2
39,f,t,85850,1
11,f,t,85572,1
54,f,t,175728,3
67,t,t,3591052,1
62,t,t,472633,1
17,f,t,3065031,7
41,t,t,6109285,2
67,f,t,504583,1
42,f,t,266211,3
77,t,t,6038434,1
55,t,t,179939,1
11,t,t,493167,1
7,f,t,3591052,1
72,t,f,32563,1
21,t,t,149551,6
3,t,t,6109285,4
45,f,t,209112,1
54,f,t,3065031,1
44,f,f,111575,1
24,t,t,3065031,5
97,f,t,76526,1
,f,t,431561,2
86,f,t,421448,2
28,t,t,6038544,1
93,f,t,2147460,1
94,t,t,2974173,1
62,t,t,408562,1
,t,t,431581,9
45,f,t,421448,2
67,f,t,673297,4
11,t,f,3371429,1
,f,f,73796,2
77,t,t,76753,2
96,t,t,3065031,1
54,t,t,6038434,1
72,t,t,321154,3
12,f,f,493167,2
45,f,t,150380,1
15,t,t,472632,1
54,f,t,3371429,3
39,f,t,150750,2
6,f,t,88039,2
63,t,f,80795,1
52,f,t,175728,9
12,f,f,150207,1
41,f,t,3138622,4
52,t,t,208991,1
25,t,t,2145610,3
73,t,t,768558,1
55,f,t,6035699,1
17,f,t,110409,1
83,t,t,662049,1
14,f,t,662049,1
15,f,t,472636,5
81,f,t,3065031,4
16,f,f,6035699,1
13,t,t,3371429,1
,t,t,265429,1
32,t,t,150750,2
84,t,f,556878,1
75,f,t,6038098,1
41,f,t,3593920,1
,f,t,111575,1
85,f,t,170400,1
3,f,t,3371429,2
3,t,t,110409,1
34,f,t,207355,1
76,t,t,74488,3
86,t,t,32563,1
,f,t,76753,2
86,t,f,778719,1
47,t,t,169645,1
22,f,t,326757,1
25,f,t,472635,3
72,t,t,149551,4
93,t,t,194835,1
12,f,t,3155624,1
40,f,t,680977,5
30,f,t,3591052,1
,t,f,133715,1
10,f,t,3138622,2
15,t,t,6038255,1
,f,t,321431,7
52,f,f,74059,1
28,f,t,92421,1
29,t,t,76800,1
35,t,t,3371429,1
25,f,t,327188,2
12,f,t,32861,1
59,t,t,472635,1
73,t,t,78837,2
42,f,f,3065031,1
15,t,t,472633,1
16,t,t,798867,1
3,f,t,74059,1
47,t,t,321154,1
59,f,t,150750,1
86,f,t,6035699,2
22,f,t,274505,1
54,f,f,472632,1
3,t,t,790382,3
81,f,t,3591052,1
94,t,t,150750,1
84,t,t,778719,1
39,t,t,2252248,1
34,f,t,601135,1
63,f,t,78837,2
36,t,t,32895,1
44,t,t,472635,4
29,t,f,421448,2
32,f,f,149798,1
80,t,t,3065031,4
42,t,f,400982,1
6,f,t,6109285,14
42,f,t,662049,1
36,f,t,673297,1
29,f,f,32935,1
57,t,t,2974246,1
52,t,t,85601,2
3,f,t,3138622,7
66,t,t,662049,1
31,f,t,179939,1
8,t,t,778719,2
17,t,t,493167,4
73,f,t,175728,2
67,f,t,6109285,2
85,t,t,472633,1
11,f,t,761016,1
7,t,t,556878,1
60,t,t,326960,1
82,f,t,680977,2
28,f,f,78885,1
20,f,t,472644,1
95,t,t,778719,4
54,t,t,6038635,1
42,f,t,3155624,1
12,t,t,662192,2
39,t,t,2145610,1
,f,f,504583,1
85,t,t,170400,1
25,t,t,150669,1
17,f,f,78885,1
94,f,t,150652,1
54,t,t,6109285,3
,t,f,91245,1
83,f,t,6109285,1
6,t,t,91274,3
52,t,t,275152,1
18,f,t,6109285,2
52,t,t,74374,2
12,f,t,556855,2
21,f,t,662049,1
,f,t,3591052,3
,f,t,504786,2
29,t,t,6037719,2
16,t,t,321154,1
,t,t,3065031,24
73,t,t,80437,1
85,t,t,680977,5
77,f,t,400746,2
15,f,t,6038175,1
39,t,t,3065031,3
36,t,t,6109285,1
41,t,t,179849,1
32,f,t,187578,1
17,f,t,6038705,1
7,t,t,6037719,2
52,f,t,150750,8
51,t,t,600940,1
,t,t,149072,7
3,f,t,237769,1
84,t,t,175728,1
63,f,t,73796,2
47,t,f,266211,1
86,f,t,835344,1
15,t,f,472635,1
82,t,t,3065031,3
37,t,t,408562,1
32,f,t,150750,1
67,f,t,150750,11
3,t,t,85601,5
94,t,t,2974601,1
42,t,t,326920,2
57,f,t,208991,1
85,f,t,6109285,2
54,f,f,835344,1
6,f,t,32502,1
57,f,t,85601,1
45,t,t,170892,1
51,t,t,680977,1
3,t,f,493167,1
86,t,f,326810,1
52,t,t,180067,1
85,f,t,175728,2
,f,t,761016,4
34,f,t,87878,1
81,t,t,175728,1
28,f,t,78837,1
41,t,t,601046,1
76,f,t,150750,3
10,t,f,170892,1
2,t,t,6035699,1
8,t,t,274505,1
36,t,t,32463,1
10,t,t,6109285,1
29,f,t,92421,1
34,f,t,472643,3
73,f,t,431561,1
15,t,t,680977,5
21,t,t,2145610,2
,t,t,3107528,1
15,t,t,81165,1
15,t,t,6038434,1
34,t,t,207355,2
14,t,t,6035699,1
12,f,t,600846,1
,t,t,472636,24
52,t,t,74488,1
42,f,t,78885,2
22,t,t,556878,1
70,f,t,78885,1
29,t,t,321154,2
3,t,t,3394824,1
,t,f,81165,1
7,f,t,3371429,4
35,t,t,6037719,3
13,t,f,20,1
32,f,t,835344,1
45,f,t,662049,2
41,t,t,3155773,1
12,f,t,78837,1
78,f,t,175310,1
28,f,t,401155,1
10,t,t,80795,1
70,t,t,180067,1
40,t,t,150750,1
32,t,t,761016,1
1,t,t,421815,1
81,f,f,327188,1
84,t,t,6109285,2
39,t,t,493167,1
41,f,t,472636,2
83,t,t,3065031,4
82,t,t,3138622,2
94,t,t,472635,1
16,f,t,209112,1
24,f,t,80795,1
36,t,f,207376,1
92,t,t,761362,1
50,t,t,3371429,1
40,t,t,208991,2
31,t,t,76526,3
25,f,t,790382,1
32,t,f,835344,1
11,f,t,266220,1
,t,f,92421,1
16,t,t,73796,4
72,t,t,556878,1
25,f,t,888076,1
24,t,t,778719,3
8,f,t,3138622,1
25,t,t,81165,1
86,t,t,74374,1
28,t,t,92421,2
29,f,t,600940,2
67,f,t,237823,1
8,t,t,472635,4
44,t,t,3974200,1
77,f,t,778719,1
29,t,t,76439,1
21,t,t,6038434,1
2,f,t,6035699,3
39,t,t,6037719,6
81,f,t,472635,2
12,f,t,76439,1
84,f,t,556878,1
,f,t,600969,1
,f,t,3155773,2
31,t,t,74488,1
36,t,t,32563,2
73,t,t,421448,1
86,f,t,175728,4
76,t,t,6109285,1
60,f,t,6036179,1
54,f,f,493167,1
8,f,t,175728,2
39,f,t,6037719,1
29,t,t,275152,1
28,f,f,111575,1
17,t,t,6037719,1
12,f,t,207524,1
42,f,t,74374,1
36,t,t,6038434,1
22,t,t,408562,2
94,t,t,149551,5
83,t,t,326757,2
36,t,t,169645,3
63,f,t,6035699,2
72,t,t,3593920,1
67,f,t,207524,2
36,t,t,472635,1
24,t,t,326757,2
72,f,t,400762,1
12,t,t,32935,1
29,t,t,680977,14
28,f,t,472643,1
47,f,t,3164966,1
6,f,f,149798,1
67,f,t,74340,1
,f,t,472636,20
7,f,t,150750,2
40,t,t,472636,1
81,t,t,80795,1
29,t,t,80437,5
22,f,f,835344,1
17,f,t,187578,2
21,f,t,3155773,1
78,t,t,32935,1
22,t,t,74351,2
35,t,t,3138622,4
7,f,t,132580,1
7,t,t,78885,1
86,f,t,6109285,4
8,f,t,400746,2
6,t,t,80437,1
31,f,t,74488,2
57,f,f,87878,3
28,f,t,78885,1
6,t,f,778719,2
94,t,t,472636,1
28,f,t,74374,2
52,f,t,150652,1
77,t,t,80437,1
29,t,t,3386005,1
29,f,t,798549,1
97,t,t,96253,1
42,f,t,150652,2
61,t,t,74498,1
72,f,t,600846,3
,t,t,321154,6
72,t,t,96253,4
8,t,t,798867,3
57,f,t,6109285,3
28,t,t,74340,2
15,t,t,3065031,1
88,f,t,673297,1
97,f,t,6035699,1
12,t,t,321145,2
24,t,t,504786,3
17,f,t,472636,1
95,t,f,3065031,1
80,t,f,91274,1
95,f,f,169278,1
54,f,t,73796,1
21,f,f,6109285,1
6,t,t,6109285,12
34,f,t,400762,1
96,f,t,768558,1
40,f,t,3581654,1
54,f,t,662049,2
95,f,t,401155,1
15,f,t,493167,2
,f,t,326757,1
55,t,f,680977,7
,f,t,150652,2
36,t,t,778719,7
31,f,t,421448,2
22,f,t,327188,1
34,f,t,6037719,2
55,t,t,179849,1
21,t,t,208991,1
,f,f,32935,2
31,t,t,3077479,1
36,t,f,74340,3
,t,t,238456,1
85,f,t,673297,1
50,t,t,3138622,3
17,f,t,74374,2
10,t,t,472633,1
55,t,t,73796,1
12,t,t,74351,1
22,f,t,326920,1
86,t,f,3371429,1
45,t,t,73524,1
82,f,f,3077172,1
67,t,t,85601,1
72,t,t,673297,1
67,t,f,237823,3
40,t,t,3065031,2
44,t,t,662049,2
7,t,t,6109285,3
6,f,t,74488,3
72,t,t,209112,1
30,t,t,472633,2
15,f,t,790382,1
88,f,t,600940,1
35,f,t,556855,3
13,f,t,6037719,2
29,t,t,73796,2
108,t,t,149072,1
3,f,t,504583,1
1,t,f,3138622,1
70,t,t,6038434,1
11,t,t,175728,2
81,f,t,680977,2
54,t,t,493167,2
130,t,f,472635,1
82,f,t,472635,1
6,t,f,2237495,1
67,f,t,179939,1
15,t,t,3371429,1
6,f,t,3155773,1
65,t,t,208991,1
3,t,t,32935,4
92,f,f,266178,1
16,f,t,421448,2
25,f,t,74374,1
78,t,t,6038705,1
21,f,t,2237495,1
83,t,f,110514,1
,t,f,3492422,1
80,f,f,680977,1
63,t,t,74488,1
75,f,t,74374,1
96,t,t,320172,1
92,t,t,768558,1
24,t,t,150652,2
,t,t,186806,2
70,f,t,400746,1
57,f,t,493167,1
67,t,t,472636,7
130,t,t,472633,1
52,f,t,169645,1
50,t,t,3394824,1
21,t,t,326810,2
44,f,t,74374,2
45,t,t,149551,6
24,f,t,162721,1
36,t,t,150669,2
21,t,t,6038635,1
17,f,t,150750,4
13,t,f,835344,1
57,t,f,92421,1
31,f,f,778719,1
67,f,t,600940,1
45,t,t,326920,1
28,f,t,556878,2
,f,f,87878,1
,f,t,208991,1
31,t,t,662049,3
16,t,t,150652,2
57,t,f,32823,1
67,f,t,661952,1
86,t,f,3394685,1
,t,t,3593920,4
96,f,t,76416,1
29,t,t,3065031,5
51,f,t,421448,1
17,t,t,162721,4
78,t,t,3138622,3
,f,t,175728,22
28,f,t,80437,3
41,f,t,3371429,3
6,t,f,150652,1
7,f,t,1947965,1
77,t,t,78885,2
67,f,f,237823,1
45,f,t,3591052,2
51,t,t,3065783,1
33,t,t,150750,1
41,f,t,20,2
52,t,t,85850,2
93,t,t,162721,1
29,f,f,85601,1
13,t,f,76753,1
7,t,t,6038434,1
52,f,t,20,2
15,t,f,3593920,2
42,t,t,326810,1
,f,t,408562,7
54,f,t,556878,2
52,f,t,400746,1
99,t,t,778719,1
7,f,t,207524,1
73,t,t,187578,1
42,f,t,3077479,3
25,t,f,680977,5
57,t,f,2237495,1
67,f,t,92421,1
21,f,t,149072,4
,f,t,85850,3
44,f,f,327166,1
34,f,t,78837,3
52,f,t,400762,3
47,t,t,150750,3
108,t,t,274884,1
52,f,f,400746,1
25,f,t,238456,1
17,t,t,92421,1
130,f,t,400762,1
45,t,t,790382,3
24,f,t,265407,1
57,f,t,3581654,1
6,f,t,105886,2
85,t,t,798867,1
63,t,t,472635,2
21,t,t,6035699,5
28,t,f,321154,1
25,t,t,326960,1
52,t,t,92666,2
24,t,t,150750,5
45,t,t,3077479,1
12,t,t,266242,1
28,t,t,169645,2
86,f,t,472632,1
60,t,t,80437,1
67,f,f,321431,1
73,t,t,76526,1
15,f,t,680977,3
39,f,t,3371429,3
96,t,t,3138622,3
78,f,t,2974430,1
15,f,t,673297,3
130,t,t,3155773,1
16,t,f,3492422,1
77,f,t,265238,1
8,t,t,6038434,1
25,t,t,3386735,1
72,f,t,600998,1
44,f,t,680977,4
86,t,t,149551,3
16,f,t,321145,1
17,t,t,265429,2
8,f,t,3155624,1
18,f,t,6035699,1
46,f,t,92421,1
65,t,t,472636,2
96,f,t,169278,2
41,f,f,3394824,1
44,t,t,149072,3
12,t,f,2237495,1
1,t,f,79138,1
18,t,t,150750,2
52,t,t,778719,8
94,t,t,3155773,1
67,t,t,431561,2
131,t,t,6035699,1
3,f,t,149072,14
51,t,t,175728,1
67,f,t,400533,1
47,f,t,74488,1
36,t,t,493167,1
86,t,t,150380,1
29,f,t,169278,1
25,f,t,175728,2
21,f,t,2192023,1
86,t,f,91274,1
62,f,t,6038705,1
28,t,t,431581,1
21,f,f,3333176,1
29,f,t,169645,1
12,f,t,85528,1
67,f,t,321145,3
24,f,f,6109285,1
86,t,t,400982,2
57,t,f,421448,2
94,f,f,3138622,1
55,t,t,180067,1
39,t,t,3155773,2
44,t,f,149383,1
84,t,t,326757,1
63,t,t,96317,2
18,f,t,778719,1
29,f,t,3065031,7
29,t,t,74374,2
94,t,t,78885,1
92,t,t,87842,1
87,t,t,6109285,1
29,t,f,321277,1
25,f,f,556855,1
44,t,t,74374,3
,t,t,76840,1
8,f,t,778719,7
40,f,t,6038705,1
36,f,f,32861,1
24,t,t,169645,1
55,t,t,207376,1
35,f,t,74059,2
41,f,t,149072,4
42,t,t,673297,1
94,t,f,3386735,1
62,t,t,835344,1
21,f,f,3386735,1
34,t,t,400746,1
17,f,t,400762,1
96,t,t,266242,1
44,t,t,6036009,2
67,t,t,3065031,14
2,f,f,87878,1
29,t,t,6038326,1
39,t,t,6038255,1
3,t,t,274884,1
72,f,t,472636,6
15,t,t,400762,2
62,t,t,150652,1
41,f,t,78837,5
24,f,t,78885,1
42,f,t,265407,1
11,t,t,3371429,16
26,t,t,208991,1
21,t,t,76526,1
25,f,t,187578,2
95,t,t,169645,1
73,t,t,170400,2
,f,f,3386735,1
73,t,t,3371429,6
36,t,t,3065031,9
25,f,t,408562,2
75,t,t,400982,1
45,t,t,472633,2
77,t,t,3065031,2
83,f,t,493167,1
,f,f,6109285,4
20,t,f,601046,1
7,f,t,400762,2
20,f,t,3371429,1
8,f,t,421448,1
29,f,t,680977,8
21,f,t,400746,3
41,t,t,798867,1
67,f,t,3155624,1
60,t,f,680977,1
29,t,t,3107528,1
10,t,t,175728,1
88,f,f,3077479,1
22,t,f,556878,2
29,f,t,3394824,1
35,f,f,661952,1
45,t,t,162721,3
108,t,t,2211860,1
72,f,t,87878,7
55,t,f,779703,1
28,f,t,73524,1
36,t,t,6038635,5
55,f,t,3371429,3
2,t,t,92421,1
83,f,f,3593920,2
73,f,t,209112,1
44,f,t,78885,1
42,f,t,421448,1
28,t,f,660847,1
70,t,t,6036179,1
45,f,f,3591322,1
67,f,f,175728,3
,f,f,472632,1
81,t,f,680977,3
84,t,t,3371429,1
67,f,t,662049,6
94,t,f,6035699,1
52,t,t,556855,7
35,f,f,266371,1
,f,f,32029,1
21,t,t,74488,2
11,t,t,472632,1
83,t,f,2145454,1
,f,f,76416,1
86,t,f,78837,1
84,t,t,6038434,1
36,f,f,3593920,4
75,t,f,78885,1
,t,t,6036179,2
17,f,t,74488,1
65,t,t,778719,1
36,f,t,78885,1
6,f,t,150669,4
130,f,t,6037719,1
3,t,t,266211,1
29,t,t,92421,2
40,f,f,3593920,1
36,t,f,32563,1
37,t,t,20,1
95,f,f,421448,1
82,f,t,778719,2
14,t,t,73796,1
,t,t,326920,1
15,t,t,493167,1
65,f,t,175728,1
63,t,t,175728,1
,t,t,3065783,1
6,f,f,74488,2
18,t,t,193622,1
77,f,t,150669,1
25,f,t,400762,2
31,t,t,3065031,1
75,f,t,556878,1
42,t,t,3591052,1
46,f,t,87878,1
70,f,t,400533,1
25,f,t,3593920,1
,f,f,408562,1
,t,f,3155773,3
96,f,t,3593920,1
65,t,t,6038635,2
17,f,t,162098,1
54,t,t,556878,2
83,t,t,87842,1
39,t,f,3593920,1
,f,f,6030172,2
85,f,t,150750,1
8,t,t,326757,1
44,t,t,150129,1
16,f,t,778719,2
6,t,f,78837,1
6,f,t,798549,1
55,f,t,662049,1
40,f,t,6035699,6
63,t,t,238195,1
8,t,t,91274,1
28,f,t,661952,1
67,t,t,6038705,1
83,f,t,207524,1
,t,t,81165,1
66,t,t,472635,1
31,f,t,6035699,1
80,f,t,150652,1
,f,t,472637,1
67,f,t,3065031,27
61,f,t,778719,2
36,f,f,2192023,1
21,t,t,74374,2
55,f,f,421448,1
21,t,t,170400,2
15,f,t,85601,1
31,t,t,2145610,1
36,t,t,150750,4
66,t,f,74340,1
28,t,f,6109285,1
96,f,f,421448,1
81,t,f,400982,1
,f,f,80437,3
30,f,t,778719,5
16,f,t,321431,1
84,t,t,3065031,2
73,t,t,400746,1
99,t,t,74498,1
63,t,t,150617,1
3,t,t,92421,2
29,f,t,2237495,1
40,f,f,835344,1
11,t,t,149551,3
67,f,t,3593920,1
8,t,t,74488,1
3,f,t,74488,4
24,t,t,180067,1
67,t,t,92421,1
21,t,t,266220,1
22,t,t,74374,6
7,t,t,3138622,2
15,t,t,778719,4
13,t,t,96253,1
54,f,t,680977,3
63,f,t,3276885,1
8,t,t,431581,1
3,f,t,150431,1
80,t,t,3262563,1
36,t,t,80437,1
24,f,t,74059,1
31,t,t,431581,1
22,t,f,3065031,3
36,t,t,472636,6
85,t,t,3591052,2
77,t,t,673297,3
15,t,t,472636,14
76,f,t,326988,1
1,f,t,680977,3
16,f,t,175728,4
63,f,t,150750,6
41,f,t,3065031,2
13,t,t,3593920,1
35,t,t,601135,1
65,t,t,175728,1
80,t,t,493167,1
92,t,t,6109285,1
34,f,t,556873,1
36,t,f,3593920,2
67,t,t,556855,2
6,f,f,778719,2
73,t,t,3138622,6
,t,t,6036009,1
67,f,f,400762,2
54,t,t,6036009,1
24,f,t,326757,2
42,t,t,3065031,9
15,t,f,778719,1
131,t,t,3065031,1
11,t,t,3155773,1
3,f,t,150750,10
16,t,t,778719,2
15,f,t,149072,4
81,f,t,778719,1
72,t,t,6038326,1
6,t,t,74044,2
,t,t,2252248,2
63,f,t,74374,1
14,f,t,150750,2
67,f,t,73796,4
41,f,t,761016,1
35,t,t,80437,2
8,t,t,179880,1
95,t,f,3386735,1
25,f,f,835344,1
76,t,t,6035699,3
13,f,f,32029,1
16,f,t,87878,2
6,t,f,3591052,1
55,t,t,662049,1
75,t,t,6037719,2
95,t,t,326757,2
86,f,f,3156040,1
37,t,t,421448,2
15,t,t,150652,1
75,f,t,835344,1
85,f,f,400762,1
47,f,t,85850,1
54,f,t,673297,1
67,t,t,493167,3
6,f,t,601135,1
3,f,t,600846,2
83,t,t,150669,1
15,f,t,209112,1
15,f,t,266211,1
13,f,f,680977,1
54,f,t,6035699,1
47,f,t,150750,2
94,t,t,162721,1
32,f,t,3557622,1
6,f,t,32881,1
16,f,f,662049,1
44,f,t,3371429,13
25,t,f,3065783,1
81,t,t,3065031,12
70,t,t,76526,1
16,f,t,87842,1
41,t,t,80795,1
54,f,t,3138622,4
39,t,f,778719,1
51,t,t,264998,1
66,t,t,3082764,1
31,t,t,673297,1
42,t,f,3082490,1
,f,t,601135,1
28,t,t,3107528,1
32,t,t,3557622,1
11,t,t,2145610,1
67,t,t,2252248,1
72,f,t,807806,1
13,t,t,778719,1
86,t,t,778719,6
6,t,t,149072,2
3,f,t,74411,2
63,f,f,150669,1
35,f,t,266350,1
,t,t,3386735,4
39,t,t,778719,1
16,t,t,20,1
54,t,t,92666,1
80,t,t,3156040,1
17,t,t,835344,2
42,f,t,3065031,8
94,t,f,1947965,1
29,t,t,472635,1
45,f,t,327188,1
70,f,t,150750,1
16,f,t,3065955,1
21,f,t,472636,1
28,t,t,96317,1
44,t,f,6038635,1
76,f,t,87878,1
86,f,t,472635,1
44,f,t,85850,1
70,t,t,266211,1
72,f,t,3394824,1
65,f,t,680977,2
25,f,t,6038196,1
50,f,f,207340,1
85,t,t,78837,1
6,f,t,266220,1
32,f,t,421448,2
,f,t,768558,3
94,t,t,3138622,2
85,t,f,835344,1
17,t,t,6109285,1
42,t,t,274898,3
12,t,t,180067,1
32,t,t,149551,5
35,t,f,3138622,1
16,t,t,96253,1
3,t,t,431581,2
61,t,t,835344,1
7,t,f,680977,1
85,f,t,6035699,2
12,f,t,6036009,1
73,t,f,3371429,1
36,f,t,778719,6
24,f,t,400746,1
46,f,t,187578,1
,f,f,3138622,2
36,f,f,421448,1
61,f,t,3065031,2
,f,t,673297,3
25,t,t,400918,1
47,t,t,669712,2
44,t,t,680977,8
54,t,f,3138622,1
36,f,t,3138622,1
66,f,t,3065031,2
21,f,f,680977,2
15,f,t,400762,3
,f,f,680977,46
34,t,t,556878,1
81,f,f,3065031,1
78,t,t,265423,1
28,t,t,78885,4
67,f,f,69515,1
15,f,t,74488,1
6,t,t,88039,1
6,f,t,73274,2
83,t,t,3492422,1
39,t,f,170892,1
96,t,t,601026,1
77,t,t,472633,1
12,t,t,149072,1
83,t,t,400982,1
6,t,f,798957,1
72,t,t,3138622,1
29,f,t,601099,1
20,t,t,3371429,7
83,f,t,169645,1
7,t,t,2144698,1
75,f,t,680977,3
3,f,t,778719,13
81,t,t,798867,1
15,t,f,835344,1
94,t,t,844059,1
62,t,t,778719,1
72,f,t,150207,1
57,f,t,3155624,1
21,f,t,6037719,4
39,f,t,274898,1
42,f,t,175728,2
22,f,t,2237495,1
1,f,t,111575,1
75,t,t,275152,1
15,t,t,3262563,1
42,t,t,207524,1
67,t,f,400762,2
6,f,t,600969,1
25,t,t,207376,2
12,f,f,321431,1
,f,t,601026,1
131,t,f,556878,1
131,t,t,761016,1
61,t,t,6038705,1
36,f,t,600846,1
93,f,t,680977,1
95,t,t,662049,1
3,f,t,493167,4
77,t,t,431581,1
96,t,t,3394761,1
60,t,t,778719,1
29,f,t,6037719,3
45,t,t,73796,2
81,t,t,74374,1
3,f,t,150514,1
84,t,t,274898,1
3,t,t,265238,1
,t,t,3386163,1
75,f,t,73796,2
96,t,t,761016,2
45,f,t,149072,3
12,t,t,2144698,1
67,t,f,2237495,1
11,t,t,80437,2
3,t,t,110333,1
88,f,t,778719,1
,f,f,92666,1
11,t,t,778719,3
99,f,t,3371429,1
28,t,t,2145610,1
37,f,t,680977,1
70,t,t,265423,1
72,t,t,669712,1
3,f,t,78837,1
94,f,t,150669,2
39,f,t,150617,1
20,t,t,2145610,1
60,t,t,472633,1
42,f,t,85601,1
62,t,t,149551,2
35,f,t,400762,7
54,f,t,400746,1
47,f,t,175728,2
41,t,t,87878,1
65,t,t,2974173,1
36,f,t,326810,2
57,t,t,74044,2
39,t,t,2943579,1
63,f,t,400746,2
73,t,t,150669,1
46,f,t,400746,1
54,f,t,600846,1
63,t,t,149551,1
,t,t,92421,3
67,t,t,472633,1
59,t,t,20,1
57,t,t,266201,1
108,f,t,400746,1
78,t,f,32563,1
6,f,t,238057,1
21,t,t,673297,1
16,t,t,431581,2
13,t,t,400920,1
3,t,t,96253,8
18,t,t,400762,1
76,t,f,87842,1
73,f,t,179730,1
15,f,t,85528,1
11,t,f,3593920,1
35,f,t,321431,1
25,f,t,680977,4
15,f,t,3371429,1
42,t,t,175728,3
,t,t,844059,1
,f,f,321431,2
81,f,t,798867,1
57,t,t,3371429,2
83,f,t,169278,1
86,t,t,162721,1
80,f,t,761016,1
73,t,t,798867,1
29,f,t,556855,1
83,f,t,3581654,1
39,f,f,472644,1
86,t,f,3492422,1
21,t,t,3492422,2
55,t,t,6038196,1
40,f,f,768558,1
76,t,t,92421,1
16,t,t,6038326,2
,f,f,600969,1
67,f,t,326920,1
39,f,f,835344,1
25,f,t,6037719,1
20,t,t,3138622,2
6,t,t,3593920,2
63,f,t,87878,1
36,t,f,73524,1
88,t,t,556878,1
28,t,t,668194,2
67,f,t,493167,2
73,t,t,150750,3
22,t,f,835344,1
96,t,t,2974173,1
15,t,t,80437,5
10,f,t,673227,1
,t,t,556878,4
15,t,t,20,3
,t,t,85528,1
76,t,t,601046,1
8,t,t,680977,1
83,t,t,431581,1
,t,t,401155,1
61,t,t,680977,3
,f,t,662049,11
67,f,t,170400,1
77,f,t,400762,2
31,t,t,3593920,1
47,f,t,669712,1
51,f,t,3065031,1
,f,t,400533,2
44,f,f,74488,1
63,f,f,400762,2
3,f,f,778719,1
3,t,t,3386735,1
67,t,t,661952,1
16,t,t,400746,1
75,t,t,778719,3
96,f,t,680977,2
12,t,t,556878,5
32,f,t,327188,1
86,f,t,179849,1
10,t,t,149551,1
67,f,t,169645,1
63,t,f,266220,1
25,t,t,408562,1
3,f,f,150750,1
15,f,t,73796,2
6,f,t,20,1
6,t,t,762232,1
21,t,t,472635,1
14,t,t,187578,1
6,t,t,3077479,1
29,f,t,74374,2
7,t,t,6035699,4
34,f,t,3593920,1
44,f,t,400762,2
21,t,t,3155773,4
76,t,t,149072,1
55,t,t,2974173,1
16,f,f,74488,1
6,t,t,3155773,7
96,t,t,274884,1
57,t,t,87878,2
77,t,t,6037719,1
,t,t,78837,6
6,f,t,76416,1
80,t,t,91245,3
2,f,t,87878,1
76,t,t,150750,2
32,t,t,835344,1
84,t,t,150617,1
57,f,t,6038705,1
28,t,t,400982,1
85,f,t,87842,1
29,t,t,207376,2
36,f,t,170400,2
24,t,t,790382,1
41,t,f,778719,1
52,f,t,422115,1
42,f,f,493167,2
51,t,t,3155773,1
15,f,t,669712,1
42,t,t,556878,1
15,t,t,139034,1
51,t,t,601099,1
35,t,t,74340,1
54,f,f,85572,1
62,f,t,3065031,2
44,t,t,208991,1
84,t,t,6037719,1
73,t,t,662192,1
22,f,t,680977,4
36,f,t,493167,1
41,f,t,400746,1
95,f,t,3386735,1
54,f,t,105886,1
41,f,t,150750,8
88,t,t,600940,1
24,f,t,78837,1
81,t,t,400762,1
52,t,t,80437,3
76,f,t,472636,2
11,t,t,91274,1
65,t,t,6038705,1
47,t,f,266350,1
37,f,t,321431,1
96,f,t,400746,1
2,t,t,2145610,1
8,t,t,408562,2
130,t,f,110392,1
52,f,t,556878,4
86,f,t,6038544,1
77,t,t,3333176,1
7,f,f,149072,1
86,t,t,3394824,1
29,f,f,91245,1
35,f,t,778719,2
72,f,t,768558,1
84,t,t,2252248,1
57,f,t,74059,1
10,f,t,601099,1
41,t,t,274898,1
94,t,t,3593920,1
6,f,f,421448,4
52,t,t,20,4
,t,t,400655,2
44,f,f,78885,1
57,t,t,472633,5
42,f,f,237823,1
3,f,f,76840,1
3,f,t,472635,5
17,t,f,76753,1
12,t,t,274505,1
32,t,t,327134,1
1,f,t,400746,1
44,f,t,6036009,3
36,t,f,162721,1
32,f,t,6109285,1
21,t,t,3394824,2
41,f,t,367568,1
86,t,t,73796,2
13,f,t,3065031,2
20,t,t,266371,1
17,t,t,472639,1
22,t,t,556855,3
6,t,t,798549,5
44,t,f,6109285,1
36,f,f,661952,1
16,t,f,3138622,1
17,t,t,237823,2
29,t,f,110409,1
28,t,f,74351,2
41,t,t,326810,1
6,t,t,680977,21
72,t,t,32884,1
10,f,t,768558,1
,t,t,400533,3
32,t,f,6109285,1
28,f,f,556855,1
,f,t,367568,1
54,t,t,92421,1
86,t,t,421448,2
,t,f,88039,1
55,t,t,150750,1
94,t,f,3333176,2
29,f,t,78885,1
63,t,t,266211,1
42,f,t,6035699,4
93,t,t,421448,1
13,t,t,472636,1
75,t,t,321154,1
,f,f,105886,1
80,t,t,472633,3
95,t,t,3394824,1
36,f,t,274505,2
67,t,t,472643,1
6,t,t,431581,2
96,f,t,421448,3
29,t,f,6037719,1
60,f,f,74488,1
,f,t,3394824,1
39,t,f,175728,1
39,t,t,601046,1
57,t,f,150306,1
82,f,t,6109285,2
21,t,t,207524,2
75,f,f,835344,2
57,t,t,3557622,1
67,f,t,472636,7
,f,f,150514,1
67,t,t,74498,1
28,f,t,601135,1
12,f,f,175728,1
57,t,t,150617,1
72,f,t,6035699,4
75,t,t,265429,1
63,f,t,80437,1
15,t,t,6038175,1
94,t,t,2974430,1
25,t,t,835344,2
24,f,t,673297,1
95,t,t,421448,4
72,f,t,266350,1
25,f,f,150669,1
52,t,t,6036009,1
21,t,t,421448,5
,t,t,274505,4
70,t,t,778719,1
84,f,f,400762,1
30,t,t,408562,1
16,f,t,150669,2
73,f,t,1947965,1
85,f,t,3138622,1
28,t,t,556878,4
17,f,t,175728,7
11,f,t,472635,1
21,f,t,798549,2
76,f,t,74044,1
,t,t,472632,4
12,t,f,32563,2
77,t,t,2974246,1
73,f,t,3593920,1
,t,t,367568,1
10,f,t,3371429,2
29,t,t,266242,1
25,t,t,1947965,1
44,f,t,556878,3
45,f,t,400746,1
29,t,t,150229,1
44,t,t,170400,1
13,f,t,662049,1
94,f,t,3386735,1
21,f,t,208991,1
66,t,f,74488,1
35,f,t,3065031,1
2,t,t,2252248,1
20,f,t,149072,1
8,f,t,150514,1
70,f,t,74059,1
36,f,t,2974430,2
97,t,t,73796,1
12,f,t,3386735,1
52,t,t,601099,1
13,f,t,493167,1
12,f,f,556878,5
63,f,t,170400,1
,f,t,74374,2
73,t,t,80795,1
16,t,t,2145610,2
24,t,t,74059,1
47,t,t,835344,2
57,t,t,673297,2
6,f,t,662049,2
8,f,f,6037719,1
24,f,t,76753,1
65,t,t,662049,1
25,f,t,149072,2
85,t,t,175728,1
51,t,t,761016,1
1,t,t,556878,1
17,t,f,78885,1
28,t,f,74340,1
36,f,t,472636,4
67,f,t,669712,1
39,t,t,835344,2
108,f,t,6038196,1
31,f,t,3138622,2
44,f,t,6109285,1
3,t,t,6038434,1
,t,t,493167,7
88,t,t,74340,1
44,t,t,3371429,20
,f,t,680977,45
99,f,f,74351,1
67,f,t,74059,5
72,f,f,768558,1
24,f,t,472635,1
36,t,t,321431,1
7,t,t,150488,1
11,f,t,778719,6
17,t,t,80437,3
21,f,t,187578,1
16,t,t,264998,1
41,f,t,600846,1
83,f,t,3077479,1
,f,f,472643,1
54,t,t,673297,2
47,t,t,6038326,1
15,t,t,78837,2
39,f,f,6037719,1
73,t,t,265407,1
51,f,t,3371429,2
,t,t,96253,9
75,t,t,175728,2
81,t,t,187578,1
29,f,f,179849,1
52,t,t,6038255,1
3,t,t,149072,2
6,t,t,807806,1
3,t,t,266220,1
63,f,f,472635,1
75,t,f,265238,1
75,f,t,78837,1
51,t,t,6109285,3
67,f,t,2974430,1
85,f,t,3371429,1
84,f,t,175728,1
,t,f,680977,32
8,f,t,6036179,1
3,f,f,3065783,1
25,t,t,3593920,2
36,f,f,6038175,1
75,f,t,150488,1
3,f,t,400762,1
54,t,t,209112,1
42,t,t,74488,1
25,t,t,274505,3
96,t,t,724928,1
86,f,t,504583,1
12,f,t,673297,1
75,t,f,150750,1
21,t,t,150669,1
96,t,t,170400,1
17,t,t,421448,1
28,f,t,74351,1
72,t,f,6109285,1
17,f,f,76753,1
15,t,t,6038326,1
7,f,t,680977,4
7,f,t,150207,1
86,t,t,6035699,3
21,f,t,778719,8
,t,t,6035699,26
17,f,f,76416,1
52,f,t,265407,1
36,t,t,835344,4
44,f,t,778719,1
3,f,t,3107528,1
59,t,t,778719,2
6,f,f,175728,1
96,t,t,661952,1
77,t,t,74498,1
44,t,t,3155773,1
83,f,f,493167,1
15,t,f,150750,1
12,t,t,6038635,2
21,t,t,6035796,1
2,f,t,6038196,1
35,f,t,175728,3
21,f,f,91245,2
36,t,t,6038544,1
6,t,t,76526,1
51,f,t,78837,1
16,f,t,74488,1
,t,f,3386735,3
92,t,t,76526,2
51,f,t,493167,2
67,f,t,421448,1
67,f,t,78837,2
21,f,t,400762,2
6,f,t,149798,1
13,t,f,78885,1
57,t,t,2145610,3
40,f,t,835344,1
3,f,t,76526,3
,t,t,265407,1
51,t,t,6035699,6
17,f,t,150652,1
22,t,t,80437,2
54,t,t,6037719,2
40,t,t,6038326,1
92,t,t,150750,2
67,f,t,662192,2
72,f,t,150669,2
29,t,t,3386735,1
55,f,t,556873,1
15,t,t,149383,1
,t,t,6038635,15
57,t,t,32935,1
75,f,f,150750,1
33,f,t,680977,1
92,f,t,87878,1
63,f,f,87878,1
63,f,t,78885,1
6,f,t,91245,4
3,t,f,3155773,1
10,t,t,2145610,1
39,t,f,472636,2
34,t,t,2144698,1
41,f,t,175728,1
28,t,t,150750,5
,f,f,421448,6
15,f,t,266178,1
65,t,t,274884,1
29,f,t,421448,7
10,f,t,78837,1
41,f,t,3107528,1
130,f,t,6035699,2
15,t,t,669712,1
21,f,t,150229,1
61,f,t,6035699,3
29,f,f,6036179,1
85,t,f,680977,1
94,f,t,327188,1
1,t,t,3593920,1
61,t,t,400762,1
36,f,f,556878,1
52,t,t,3155773,1
44,f,t,6035796,2
50,t,f,680977,1
22,t,t,6035699,1
81,t,t,86469,1
75,t,f,80437,1
73,t,t,2145610,4
57,f,t,3591052,1
,t,t,2237495,1
3,t,t,472633,10
25,f,t,321431,2
80,t,t,208991,1
8,t,t,3065031,5
21,t,t,400762,3
86,t,t,87878,1
72,f,t,150750,5
31,f,t,175728,2
84,t,t,3593920,1
25,t,f,2974601,1
63,f,t,6038196,1
69,t,t,400918,1
41,t,t,778719,6
51,f,t,73796,1
67,f,t,400762,11
15,t,t,74351,2
75,f,t,74059,1
11,t,t,6036179,1
10,t,t,669712,3
39,f,t,556855,1
52,t,t,6038175,1
36,f,f,170400,1
55,t,f,556878,2
80,f,t,3138622,2
67,t,t,3155624,1
7,t,f,556878,1
,t,f,73524,2
15,t,t,2145610,3
7,t,t,6038705,1
39,f,t,74374,6
67,t,f,556878,1
12,f,t,3065031,1
28,f,t,179849,2
44,t,t,74351,1
3,f,t,761016,1
55,t,t,669712,1
36,f,t,6109285,1
42,t,t,69515,1
50,t,f,762232,1
28,t,t,408562,1
63,f,t,3138622,4
86,f,t,601099,1
7,t,t,80437,1
31,f,t,6109285,2
29,f,t,175728,3
84,f,t,3065031,5
6,f,f,74374,1
16,f,t,266211,1
63,f,t,209112,1
52,f,t,3591322,1
,t,t,20,2
55,t,t,6035699,1
24,t,t,2145610,2
33,f,t,150750,1
41,f,t,74340,1
25,f,t,74488,1
41,f,t,80795,2
96,t,t,472639,1
67,t,f,2145610,1
32,f,t,3591052,3
94,t,f,2147460,1
24,t,f,3394824,1
25,t,f,778719,1
54,t,t,3394685,1
15,f,t,132580,1
32,t,t,768558,1
41,t,t,208991,1
96,t,t,149551,4
20,t,t,778719,2
51,f,t,3591052,1
3,f,t,150669,2
92,t,t,680977,3
67,t,t,3082441,1
36,t,t,179939,1
,f,t,601219,1
37,t,t,6035699,2
11,t,t,74498,1
35,t,t,175728,1
59,t,t,73524,1
39,t,t,6038705,1
51,t,t,3371429,2
54,f,t,149072,2
25,t,t,170400,1
6,t,f,110409,1
72,t,t,73796,1
75,f,t,76526,1
28,f,t,85850,1
20,t,t,73796,3
8,t,t,761016,1
55,t,f,3138622,1
130,f,t,3371429,2
34,f,f,3065031,1
36,f,f,3164270,2
54,t,t,6038196,1
29,f,t,790382,1
45,f,t,6109285,2
24,f,t,556878,1
13,t,t,2145610,1
16,f,t,400533,1
36,f,t,150207,1
63,f,t,6109285,2
55,f,f,768558,1
54,t,f,3593920,1
17,t,t,150750,9
77,f,t,150652,2
,f,f,132580,1
92,t,t,105886,1
52,t,t,74498,1
,t,t,275152,3
51,t,t,3386735,1
77,f,f,3065031,1
25,t,t,6037719,5
6,f,f,3386735,1
44,t,t,556878,2
42,t,t,180067,1
11,t,f,6037719,1
22,f,t,778719,1
96,t,t,175728,2
6,f,t,761016,1
24,t,f,3065031,1
72,f,t,3138622,1
45,f,t,326810,1
21,t,t,326988,1
17,t,t,150669,1
54,f,f,680977,2
7,t,t,326757,1
83,f,t,170400,1
29,t,f,69515,1
,f,t,601099,3
12,f,f,92666,1
97,t,t,150750,1
51,f,t,74044,1
42,t,t,601046,1
86,t,t,6109285,1
13,f,t,472635,1
41,f,f,400746,1
94,t,f,3593920,1
73,t,f,149383,1
1,f,t,6037719,1
72,t,t,92421,1
51,t,t,73796,1
32,t,f,32502,1
,t,t,87842,3
7,f,t,6038544,1
94,f,t,3065031,8
80,t,t,3386735,5
17,f,t,3138622,1
86,t,t,3593920,2
66,t,t,680977,2
44,t,t,472636,10
47,t,t,326920,1
83,t,t,493167,2
77,t,t,504786,1
36,f,t,74488,4
75,f,t,778719,7
52,t,t,78885,2
24,t,t,472635,2
85,t,t,80795,1
47,t,t,6035699,1
47,f,t,78837,2
6,f,t,79138,3
85,f,t,472643,1
21,f,t,778679,1
35,f,t,207524,1
13,f,t,3386735,1
15,t,t,472643,1
73,t,t,175728,1
65,t,t,149551,2
25,t,f,888076,1
67,f,t,3386735,1
12,f,t,3371429,7
57,t,t,105886,1
,f,t,327188,1
36,t,t,73524,2
,t,t,74498,3
39,f,t,3164966,1
39,t,t,266178,1
29,f,t,778719,12
85,f,t,761016,1
28,f,t,3065031,6
6,t,f,179849,1
54,t,t,6035699,1
30,f,t,150750,1
13,f,t,6109285,3
75,f,t,317457,1
75,f,t,472636,4
96,t,t,6038434,1
6,f,t,326960,1
96,t,t,3301917,1
130,t,f,680977,1
52,t,t,169645,1
,t,t,421448,18
15,t,t,790382,3
25,t,t,78837,2
73,f,t,680977,2
17,t,t,326988,1
41,t,t,3107528,1
55,t,f,73712,1
57,f,t,3371429,2
6,t,f,2974173,2
20,f,t,680977,1
84,f,t,179849,1
31,t,t,493167,2
73,t,t,149072,1
72,f,t,6038705,1
12,f,t,179849,2
31,f,t,150750,1
,f,t,327010,1
44,t,t,179939,1
7,t,t,78837,1
31,t,f,680977,1
34,f,f,170400,1
36,f,t,149072,1
94,f,t,274898,2
,f,f,6037719,1
39,t,t,74340,1
80,f,t,170400,2
95,t,t,6038705,1
67,f,f,493167,2
29,t,t,208942,1
,f,t,150669,18
7,f,t,6036009,1
12,f,t,326757,1
24,t,t,149551,2
31,t,t,170400,2
95,t,t,208991,1
44,f,t,472637,1
3,t,t,3593920,3
52,f,f,680977,2
41,t,f,493167,1
73,t,f,472636,1
83,t,t,78885,1
35,f,t,74351,1
73,f,f,2192023,1
1,f,t,179939,1
85,t,t,74488,3
63,t,t,74507,1
42,t,t,3138622,2
14,f,t,835344,1
95,f,t,32029,1
72,t,t,6109285,3
83,t,t,680977,7
8,t,t,669601,1
22,t,t,472636,3
108,t,t,768558,1
73,t,t,3394761,1
40,f,f,600846,1
88,f,f,207524,1
86,t,t,175728,3
18,f,t,472635,1
39,f,f,266201,1
96,t,t,3155773,3
57,f,t,3065783,1
3,f,t,662049,1
10,t,t,673297,3
25,t,t,472633,3
,f,t,149072,13
3,t,f,149551,1
6,t,t,86469,1
,t,f,798867,1
3,t,t,74044,1
1,f,t,149072,1
83,f,t,175728,2
6,f,t,32563,1
77,f,t,3138622,1
8,t,t,472636,4
80,t,t,6035699,2
21,t,t,88039,1
65,t,t,472635,3
86,t,t,6038544,1
28,f,f,74340,1
41,t,t,3262563,2
94,f,f,3593920,1
24,t,t,431581,2
2,t,t,149551,3
63,f,t,3394824,1
15,t,t,3138622,3
70,t,t,267723,1
6,f,t,3591052,1
3,f,t,3394824,1
86,f,t,78789,1
,t,f,74351,3
41,f,t,6035699,3
10,f,t,669712,2
52,t,t,149106,1
,t,f,778719,2
44,f,t,150750,3
52,t,t,472635,1
57,t,t,669712,1
78,t,t,673297,1
96,t,t,431561,1
82,f,f,169278,1
65,t,t,431581,1
76,f,t,150669,1
41,f,t,187578,1
42,t,t,237823,1
36,t,f,493167,1
81,t,t,74488,4
29,t,f,74374,2
34,t,t,778719,1
3,t,t,798549,1
28,t,t,3065031,6
88,t,t,3065031,2
28,f,t,74059,3
41,t,t,6035699,4
25,t,t,327188,1
46,t,t,85572,1
15,t,t,175728,3
57,t,t,170892,2
42,t,t,6035699,2
67,t,t,207376,2
85,f,f,680977,3
55,t,f,3593920,1
3,f,t,170400,1
36,t,t,431581,1
96,f,t,78837,1
82,t,f,680977,1
22,f,f,680977,3
29,t,t,74411,1
45,f,t,400762,1
29,f,t,3371429,7
36,t,f,3065031,2
32,f,f,76526,1
15,f,f,778719,1
3,t,t,3155624,1
63,f,t,400762,6
76,t,t,790382,1
67,f,t,6038705,1
3,t,t,80795,5
36,f,t,431561,1
26,t,t,149551,1
60,t,t,149551,2
7,t,f,6038544,1
96,f,t,3138622,1
67,t,t,74059,1
87,t,t,761016,1
41,t,t,150306,1
30,t,t,673297,1
39,t,t,400746,1
92,f,f,680977,1
15,t,t,73796,1
39,t,t,6109285,4
3,f,t,207524,2
,t,t,175728,7
77,f,t,680977,4
7,t,t,669712,1
54,f,t,92421,1
77,f,t,326757,1
1,t,t,175728,1
36,t,t,2145610,1
84,t,t,601046,2
12,f,t,74488,1
29,t,t,3557622,1
77,f,t,169278,1
21,f,t,150669,6
80,f,t,3591052,3
29,f,f,3386735,3
80,t,t,421448,6
15,f,t,265407,1
22,t,f,179849,1
2,f,f,91245,1
,f,f,265407,1
13,t,f,3593920,1
28,t,t,265144,1
40,t,t,175728,1
73,f,t,149072,3
,t,t,673297,7
42,f,t,400533,1
39,t,t,180067,1
83,f,t,3591052,1
47,t,t,472636,4
86,f,f,149072,1
52,f,t,6038705,2
44,t,t,3155624,1
82,t,t,778719,3
62,f,t,3138622,1
52,f,t,78885,1
28,t,t,6038196,1
88,f,t,266211,1
57,f,t,6035699,1
41,t,t,81165,1
,t,t,80795,4
,f,t,87878,11
28,f,t,6038705,4
60,t,t,556873,1
57,f,t,80795,3
,t,f,662146,1
3,t,t,150514,1
85,f,t,150669,2
85,t,t,91245,1
70,f,t,175728,2
22,f,t,556878,1
47,t,t,556855,1
96,f,t,149072,3
37,f,t,3077172,1
96,t,t,400533,1
51,t,t,400533,1
8,f,t,6035699,5
44,f,t,6035699,1
82,f,t,662049,1
15,f,t,150750,9
95,f,t,661952,1
,t,f,186806,1
94,f,t,493167,1
2,f,t,150750,1
,t,t,74488,4
,t,t,472633,16
36,f,f,179849,2
75,f,t,3371429,2
72,f,t,6036179,1
67,t,f,6038635,1
37,t,t,150578,1
11,t,t,327010,1
130,t,f,78837,1
62,t,t,6109285,1
,t,f,2895905,1
84,f,t,472643,1
34,f,t,274884,1
86,f,t,662049,2
97,t,t,6035699,1
2,t,t,3138622,2
8,t,t,76526,1
73,f,t,472636,1
73,t,t,87878,1
24,f,t,326920,1
51,t,t,193622,1
82,t,t,6035699,1
25,t,t,3492422,1
41,t,t,150750,1
3,t,f,162721,1
28,f,t,680977,3
44,t,t,3591052,1
21,t,t,162721,1
16,t,t,761016,1
54,t,t,208942,1
93,t,f,3581654,1
96,f,t,150488,1
29,f,t,6038196,3
50,t,t,150750,3
94,t,f,6109285,2
16,t,t,186806,1
131,t,t,74488,1
12,f,t,669712,2
88,f,t,150750,1
130,t,f,2145610,1
60,f,t,321138,1
45,t,t,472636,1
66,f,t,472636,1
21,t,f,2974173,1
45,f,t,472635,3
6,f,t,149072,3
25,t,t,74507,1
1,f,f,207355,1
63,t,t,78885,3
75,t,t,3065031,1
67,t,t,149551,7
28,f,f,175728,2
25,t,t,73796,2
52,t,t,96317,3
41,f,f,421448,1
42,f,f,680977,3
26,t,t,6038434,1
17,f,t,2237495,1
6,f,t,835344,10
94,t,t,6035699,5
85,f,t,601135,1
,f,t,3164270,2
29,f,t,2211860,1
57,f,t,74488,1
24,f,t,778719,5
36,f,t,179849,2
42,t,t,150669,1
70,f,t,207355,1
35,t,t,556878,3
7,f,t,6035699,6
6,f,t,6035699,7
47,t,t,74059,1
86,f,t,400746,2
,t,t,187578,1
72,t,t,472636,6
12,t,t,78837,1
36,f,f,179880,1
73,t,t,6038326,1
55,f,f,680977,4
3,t,t,762232,1
75,f,t,175728,3
17,f,f,162721,1
,f,t,669601,1
66,t,t,400533,1
92,t,t,778719,1
7,t,t,504786,2
40,f,f,76753,1
22,t,t,401155,1
29,t,t,150669,2
29,f,t,472635,2
88,f,t,3065031,2
92,t,t,3591052,1
32,t,t,81165,1
1,f,t,73796,1
88,f,t,74374,1
52,t,f,80437,2
26,t,t,680977,1
6,f,t,779703,1
84,t,t,504786,1
84,t,f,86469,1
22,t,t,6038635,1
52,f,t,326757,1
54,f,f,149072,1
16,t,t,81165,1
31,t,t,601046,1
51,f,t,680977,1
63,f,t,3077172,1
85,t,t,6109285,2
36,t,t,78885,2
13,t,t,6036009,1
12,t,t,6038434,6
87,t,t,3156040,1
6,f,t,162721,1
42,t,f,76526,1
86,t,f,6035796,1
6,f,t,3371429,5
67,f,f,680977,3
24,t,t,762232,1
47,t,t,400762,1
11,f,t,320172,1
2,t,f,421448,1
73,f,t,472635,1
63,t,t,265407,1
84,t,t,79138,1
42,f,t,150750,7
86,t,t,87842,1
42,t,t,680977,6
32,t,t,3394761,1
17,t,t,3593920,1
25,f,t,32935,1
21,f,t,69515,1
3,f,t,400746,3
21,f,t,768558,1
51,f,t,175728,1
39,t,t,76526,2
12,t,t,150380,1
6,t,t,400982,1
36,t,t,400762,1
39,f,f,3138622,2
11,t,t,265238,1
13,f,t,237823,1
28,t,t,32563,2
83,t,t,3138622,3
,t,t,6109285,11
52,f,t,3593920,1
45,t,f,668194,1
81,t,t,32029,1
13,t,t,400746,1
83,f,f,680977,3
35,f,t,73796,1
24,f,t,601099,2
80,t,t,150153,1
84,t,t,208991,1
8,t,t,80437,1
85,f,t,400762,2
81,t,t,6038326,1
45,t,t,662049,1
3,f,t,266220,1
63,f,t,669712,3
41,f,t,421815,2
17,t,t,78885,1
40,t,f,169645,1
77,f,t,472635,2
36,f,t,3591052,2
84,f,t,669712,1
75,f,f,3065031,2
29,f,f,175728,1
,f,f,556855,3
67,t,f,327166,1
24,t,t,431561,1
73,f,t,32935,1
17,f,f,237823,1
77,f,t,74488,2
57,t,t,3077479,1
13,t,t,85850,2
81,t,t,472636,9
67,t,t,264998,2
24,t,t,3386735,1
13,f,t,74059,1
40,t,t,80437,1
42,f,t,69515,2
54,f,t,267690,1
95,t,t,493167,1
7,t,t,207376,1
86,f,t,3371429,7
96,t,f,91274,1
82,t,f,835344,1
35,t,t,150669,1
67,t,f,74374,2
63,f,t,266178,1
6,t,t,170400,5
81,t,t,472635,7
34,t,t,835344,1
45,t,t,835344,1
45,f,t,150750,2
6,t,f,73796,2
6,t,f,149551,2
63,t,t,76526,1
29,f,t,150750,4
17,f,f,556873,1
28,t,t,6038326,1
83,t,t,74488,3
86,t,t,673297,1
12,t,t,321154,1
25,t,t,6036179,1
16,f,f,74507,1
83,f,f,73274,1
21,t,f,680977,7
44,f,t,6036179,2
54,f,t,78837,3
73,f,t,673297,1
7,t,t,6038326,1
29,t,t,149551,7
70,t,t,175728,1
57,t,t,80795,1
18,f,t,150750,2
,f,t,6038175,1
57,f,f,3155773,1
59,t,t,110409,1
8,t,t,96317,1
21,t,t,3394761,1
86,t,t,2974430,1
54,t,f,6109285,2
,f,t,779703,1
6,f,t,76526,3
67,t,t,81165,1
75,t,t,3138622,2
86,f,t,150669,1
63,t,f,680977,2
57,t,t,778719,6
72,t,t,74340,2
8,t,f,187578,1
7,f,t,668180,1
81,f,t,150207,1
52,f,t,149072,2
51,f,t,3386735,2
12,t,t,32563,4
45,t,f,2974601,1
63,t,t,150669,3
44,t,t,207355,1
29,f,f,87842,1
76,f,t,74059,1
50,f,t,3138622,1
,t,t,208991,5
15,f,t,472632,1
63,t,t,2144698,4
24,t,t,6038434,1
33,f,t,266178,1
44,f,t,3065031,3
63,t,t,669712,5
41,t,t,149072,2
63,f,t,74411,1
26,t,t,150669,1
24,t,t,321431,1
47,t,t,80437,4
6,f,f,3164270,2
34,t,t,3593920,1
8,t,t,2145610,3
93,f,t,150669,1
18,t,t,493167,1
66,f,t,2237495,1
,t,t,78885,2
21,t,t,3371429,7
86,f,f,105886,1
42,f,t,472636,2
86,f,t,3138622,4
,t,t,3077172,1
,t,t,74356,2
75,f,t,150669,1
15,t,t,96317,1
11,f,t,3371429,10
21,t,f,3138622,1
21,f,t,76465,1
6,f,t,237769,1
85,f,t,179939,1
,f,t,6036179,2
29,f,t,6038175,1
29,f,t,400762,5
15,f,t,76526,2
52,t,t,265429,1
12,f,t,662049,2
29,t,t,472633,4
29,t,t,6035699,8
17,t,t,6035699,1
72,t,t,600846,1
21,f,t,3591052,2
36,f,t,73796,1
61,f,t,74351,1
31,f,t,778719,4
1,t,t,680977,1
6,t,f,421448,3
28,f,t,778719,8
16,t,t,472635,2
95,t,t,680977,3
94,f,f,680977,7
3,t,t,400533,1
67,t,f,680977,1
44,t,t,149551,5
57,f,t,179939,1
28,t,t,2144698,1
36,f,t,556855,2
63,f,f,209112,1
21,t,t,472636,1
18,f,t,266350,1
,f,f,556878,3
61,f,t,150669,1
85,t,t,3386735,1
21,t,t,150652,1
25,t,t,493167,2
83,t,f,3065308,1
25,f,f,175728,1
28,f,t,207524,1
,t,t,3164270,1
10,f,t,472632,1
22,f,t,421448,1
21,f,t,6109285,10
67,f,t,208991,1
83,t,f,680977,2
67,f,t,601070,1
18,t,t,798549,1
21,t,f,3107528,1
,f,t,556878,1
86,f,t,6038196,1
25,t,t,762232,1
42,t,t,778719,3
80,t,t,3371429,1
21,f,t,32935,1
42,t,t,493167,2
,t,f,96253,1
84,t,t,150750,2
55,t,t,150306,1
40,f,t,408562,1
16,f,t,3371429,1
40,t,t,493167,3
67,f,t,162721,1
85,f,t,73274,1
17,t,t,680977,9
59,t,t,472633,1
73,f,t,73796,1
31,t,t,91274,1
8,f,t,149072,5
32,t,t,74356,1
3,t,f,3593920,1
84,t,t,3138622,3
8,f,t,150488,1
12,t,t,3386735,1
72,t,t,472639,1
7,t,t,556855,1
39,t,t,74059,2
52,t,f,74488,1
94,f,t,3138622,2
13,t,t,6038196,1
3,t,f,762232,1
92,t,t,835344,1
6,t,f,2895905,1
13,f,t,87842,1
36,t,t,472633,1
85,t,t,3333176,1
12,t,t,6038326,1
83,f,f,421448,1
50,f,t,149072,1
78,t,t,150750,1
63,f,t,472636,5
13,f,f,321145,1
16,f,t,768558,1
15,t,t,266350,2
21,f,f,3371429,2
6,t,f,3333176,2
21,f,t,3138622,8
75,t,f,169645,1
42,f,t,92666,1
25,t,t,6038635,5
,f,t,187578,2
96,f,f,187578,1
84,t,t,472635,1
7,f,t,6109285,2
25,f,t,327166,1
21,f,t,74488,2
6,t,t,6037719,4
55,f,f,150207,1
24,f,t,662049,1
95,t,t,150652,2
21,t,t,3557622,1
32,f,f,3492422,1
63,t,t,78837,6
3,t,f,274898,1
16,t,t,3065031,4
24,t,t,763433,1
30,t,t,3593920,1
96,f,t,556873,1
44,f,t,150669,1
8,f,t,92421,1
39,f,t,74488,1
1,t,t,3138622,1
57,f,t,238195,1
29,f,t,85850,1
83,f,t,150306,1
77,f,t,3386735,1
44,f,t,175728,5
76,f,t,556878,1
70,f,t,3371429,2
36,t,f,74374,4
97,f,t,150750,1
85,f,t,3591052,1
95,f,t,150652,1
12,f,t,472636,2
40,f,t,74488,1
17,t,t,20,3
52,f,t,76753,1
,t,f,556873,1
84,t,t,6038326,1
3,t,t,208991,14
86,t,t,79138,1
69,f,t,78837,2
17,t,f,472633,1
1,f,t,472636,1
67,t,f,556855,2
12,f,t,680977,4
42,f,t,493167,3
83,f,t,3593920,1
96,t,t,162721,1
37,t,t,265429,1
6,f,t,208991,1
57,t,t,92421,1
50,f,t,80437,1
75,f,t,80437,1
51,t,t,6038434,1
25,t,t,556855,3
6,t,t,78885,2
16,t,t,6036091,1
84,t,t,149551,4
34,f,t,3164270,1
30,t,t,3065031,1
44,t,t,3394761,1
25,t,t,662049,2
25,t,f,662192,1
45,t,f,680977,1
26,f,t,265238,1
45,t,t,6109285,2
8,t,t,6037719,1
54,t,f,680977,2
67,f,t,601099,2
,f,t,237769,1
42,t,t,662049,3
94,f,t,3077479,1
93,t,t,169645,1
13,t,f,2974601,1
85,f,t,3065031,4
42,f,t,179880,1
93,f,t,3386735,1
51,f,t,327188,1
1,t,t,472633,1
36,t,t,179849,1
77,f,f,680977,1
15,f,t,835344,3
60,f,t,3065031,1
34,t,t,266211,1
42,t,t,431581,1
94,t,t,110409,1
63,f,t,835344,1
25,t,t,6038434,1
15,t,t,3394824,1
93,t,t,680977,1
3,t,f,6038635,2
96,t,t,74411,1
31,f,t,266178,1
72,f,f,74059,1
6,t,f,762232,1
17,t,f,32029,1
36,t,t,327134,1
81,t,f,493167,1
94,f,t,74488,2
57,t,t,76526,2
24,f,t,669712,1
51,t,t,3065031,3
77,f,t,421815,1
25,f,t,150750,7
67,f,t,400746,1
41,f,t,74356,1
39,t,t,74488,1
,f,t,421448,10
12,t,t,76753,1
52,f,t,680977,11
34,f,t,600998,1
24,f,f,556855,1
11,t,f,3386735,1
,t,t,408562,3
29,t,t,472636,2
,t,t,88039,1
45,t,t,3593920,1
86,t,t,74044,2
35,f,t,3371429,1
13,t,f,3262563,1
50,t,t,3065031,1
13,t,t,96003,1
86,t,t,761016,1
75,f,f,74374,1
,t,f,3155624,1
130,f,f,680977,1
3,t,t,3591052,1
41,t,t,6036179,1
,t,f,175728,1
40,f,t,3138622,2
75,f,t,673297,3
41,f,t,266201,1
62,t,t,73796,1
47,t,t,3138622,2
42,t,t,149072,1
,f,f,3333176,3
83,t,f,76753,1
95,f,t,3065955,1
21,t,t,78837,1
34,t,t,421467,1
36,t,t,504583,1
57,t,t,327188,1
31,t,t,149551,4
15,f,t,6035699,7
94,t,f,91245,1
11,t,t,265395,1
92,t,t,149551,3
131,t,t,149551,1
36,f,t,680977,9
25,f,t,400746,1
30,t,t,662049,3
78,f,t,6038196,1
8,t,t,204942,1
6,f,t,807806,1
1,f,t,175728,1
21,t,f,408562,1
78,f,t,601219,1
57,t,t,472635,1
18,f,t,835344,1
61,t,t,790382,2
20,t,t,149551,2
15,f,t,6037719,1
57,t,f,768558,1
11,f,t,150750,2
16,f,t,266220,1
3,f,t,87878,1
17,t,t,662192,1
75,f,t,321431,1
16,t,f,3386735,1
3,f,t,768558,4
42,f,t,74488,6
1,t,t,400762,1
96,f,t,493167,1
31,t,t,3394824,1
30,f,t,78837,1
86,f,t,3394824,1
13,t,t,92666,1
3,t,t,169645,1
44,t,t,400533,1
95,t,t,149551,1
96,t,f,680977,4
3,t,f,110409,1
36,f,t,179880,2
41,t,t,74498,1
44,t,f,80437,1
,f,t,6035796,2
34,f,t,237823,1
67,t,f,3333176,1
39,t,t,556878,11
24,f,f,3065031,1
10,f,t,472643,6
40,t,t,472633,2
67,f,t,835344,1
16,t,t,175728,1
21,f,t,493167,3
1,f,t,778719,2
55,f,f,3386005,1
18,t,t,74374,1
34,f,t,73796,2
87,t,t,20,1
45,t,t,3155773,2
62,t,t,150750,3
81,t,t,180067,1
75,f,t,2974601,1
88,f,t,6035699,1
11,f,t,179730,1
82,t,t,3557622,1
25,f,t,74356,1
84,f,t,556855,1
25,t,t,265238,1
80,t,t,408562,1
12,t,f,327188,1
94,t,t,680977,10
3,f,t,321154,1
92,t,t,768686,3
52,t,t,472633,2
6,f,f,170400,3
92,f,t,761362,1
13,t,t,680977,4
29,f,t,321145,2
69,f,t,778719,2
28,t,t,170400,1
42,t,t,790382,1
63,f,f,421815,1
12,f,t,6038705,4
24,f,t,400533,1
39,t,f,680977,2
10,f,t,3065031,2
24,f,t,472636,1
6,t,f,169645,1
24,t,t,6037719,1
,t,t,105886,1
6,t,f,3138622,1
67,t,t,187578,2
25,t,t,3156040,1
26,t,t,3371429,2
77,t,t,150750,7
36,f,t,835344,2
24,t,t,3371429,2
21,f,t,88039,1
6,f,t,6036179,1
86,f,t,3155624,1
,f,t,32463,1
26,t,t,327134,1
,f,t,179849,1
11,f,t,3138622,4
67,t,t,162721,1
61,f,t,6036179,1
52,t,t,6035699,4
15,f,t,601099,2
6,t,t,150750,4
80,f,t,73524,1
84,f,t,778719,5
21,f,t,3065031,12
,f,t,807806,1
65,f,t,74488,2
3,f,f,266350,1
44,t,t,668180,1
16,f,t,6035699,6
94,t,t,74498,1
17,t,t,3065031,11
3,t,t,3164270,1
86,t,t,3065783,1
50,t,t,6036179,1
35,f,t,150669,2
21,t,t,835344,3
57,t,t,400746,1
73,t,t,680977,3
17,t,t,149551,3
22,f,t,400762,3
94,t,f,76840,1
12,t,t,321431,2
84,f,t,662049,2
13,t,t,6038434,2
94,t,t,431561,1
77,f,t,662049,1
77,t,t,274505,1
32,f,t,69515,1
44,f,t,267690,1
29,t,f,237769,1
21,t,t,3386735,2
,f,t,6035699,24
40,f,t,209112,1
,t,t,87878,2
86,t,t,2145610,2
42,t,t,835344,4
29,t,t,556855,2
85,f,t,421448,4
75,f,f,179849,1
8,f,t,472636,2
55,t,t,680977,6
57,t,t,110409,2
21,t,t,6037719,1
8,f,t,327188,1
13,t,f,556855,1
29,f,f,32823,1
33,t,t,3065031,1
17,f,t,85850,1
60,f,t,3138622,1
40,t,t,74374,1
21,f,t,175728,3
86,t,t,662049,1
,t,t,150578,1
39,t,t,798549,1
1,f,f,150750,1
75,t,t,421448,1
83,f,t,3371429,1
1,t,t,74059,1
84,t,t,321431,1
12,f,t,400762,10
13,f,t,400762,2
75,t,t,3155773,1
67,f,t,274505,1
6,t,t,472633,4
6,f,f,6109285,5
21,t,t,3593920,2
3,t,f,110333,1
96,f,f,74488,1
3,t,t,472635,5
52,f,t,207524,1
51,t,t,266242,1
6,t,t,207376,3
85,t,f,2974173,1
62,t,t,3394824,1
52,t,t,3156040,1
67,f,t,790382,1
16,f,t,400762,2
42,t,t,274505,3
55,f,t,266211,1
25,f,t,3065031,5
96,t,f,3065031,1
13,t,t,3138622,3
81,t,t,6038635,1
83,f,t,421448,2
60,t,t,6109285,1
44,t,t,110409,1
95,t,t,2974601,1
73,t,f,6038635,1
3,f,f,175728,1
73,f,t,835344,1
73,t,f,3593920,1
6,f,t,3386005,1
41,f,f,170400,1
67,t,t,3371429,2
55,t,t,556878,4
24,f,t,150750,11
130,f,t,150750,1
73,t,t,193622,1
77,t,t,170400,1
18,t,t,274898,2
11,f,t,92421,1
94,t,t,798867,2
44,t,f,3371429,3
29,t,f,321145,1
75,f,t,326920,1
67,t,t,74340,1
83,f,f,179939,1
94,t,t,2252248,1
57,t,t,472637,1
77,t,t,556878,1
21,f,f,798867,1
34,t,t,170892,2
21,t,t,184367,1
81,f,t,237769,1
21,f,t,600969,1
14,t,t,556855,1
67,t,t,150750,18
6,t,f,3371429,2
18,t,t,73796,1
15,t,f,187578,1
11,t,t,179730,1
24,t,t,80437,1
21,f,f,150669,1
15,f,t,80437,1
52,t,t,504786,1
57,t,t,493167,3
21,f,t,400533,1
67,t,t,78885,4
12,t,t,673297,1
95,t,t,408562,3
73,t,t,327010,1
41,f,t,111575,1
94,t,t,408562,1
63,f,t,149072,3
96,t,t,6035699,3
67,t,t,175728,3
51,t,t,472636,1
44,t,t,92421,2
44,t,t,493167,2
95,f,t,3138622,1
73,t,t,6035699,6
36,t,t,556855,2
94,f,t,326810,1
12,t,t,6038196,1
33,f,t,3371429,1
44,t,t,472633,3
21,t,t,179939,1
28,t,t,267723,1
18,f,t,74488,1
42,t,t,400746,1
83,f,t,3155624,1
45,f,t,3581654,1
31,f,t,150669,2
95,f,t,778719,4
55,t,t,556855,1
41,f,t,680977,5
18,f,t,85850,1
73,f,t,150669,4
57,t,t,209112,1
57,t,f,91274,2
40,f,t,3065031,2
28,t,t,6109285,2
7,t,t,74059,1
2,t,t,472633,1
52,t,t,2145610,1
34,f,t,132580,1
84,f,t,400762,2
28,t,t,680977,4
12,t,f,74059,1
2,f,t,150669,1
44,f,t,3593920,1
21,t,t,327188,1
7,t,t,149551,3
32,f,t,92421,1
54,t,f,73796,1
24,t,t,91274,2
,t,f,169645,4
59,f,t,472635,2
45,t,t,778719,5
77,f,t,85850,1
39,f,t,150669,1
28,t,t,32935,1
12,t,t,74411,1
73,t,t,2144698,1
29,t,t,3394824,1
41,f,t,3155624,1
57,f,t,680977,1
21,f,t,835344,2
10,t,t,472632,1
3,t,t,504786,1
72,f,t,3591052,1
6,t,t,150153,1
34,t,t,74411,1
52,t,t,179849,2
73,f,t,3065031,4
40,t,t,92421,1
15,t,t,32935,2
29,t,t,264998,1
96,f,t,600969,1
81,f,f,74374,1
,f,t,669712,2
26,f,t,85850,1
25,t,t,778719,4
40,f,t,662049,1
2,f,t,74059,1
21,f,t,660847,1
15,t,t,32029,1
66,t,t,32563,1
94,t,t,3065031,13
17,t,f,493167,1
87,t,t,421448,1
95,f,t,92421,1
63,t,t,81165,1
70,f,t,556878,1
3,f,t,32563,1
6,t,t,85601,1
75,t,t,264998,1
75,t,f,504583,1
31,f,t,3394824,2
7,t,t,88039,1
52,f,t,73796,5
16,f,t,680977,4
67,f,t,326810,1
3,t,t,150652,1
39,f,t,150153,1
75,f,t,400746,1
42,t,t,149551,2
63,f,t,601099,1
16,t,t,673297,2
67,f,f,150669,1
52,t,t,3065031,1
,f,t,3386163,2
80,t,t,187578,1
20,t,f,668180,1
17,t,f,835344,1
77,f,f,844059,1
31,t,t,6038705,1
130,t,t,472636,2
73,t,t,3155773,3
99,t,t,472636,2
70,f,t,88039,1
67,t,t,472632,2
54,t,f,6038635,1
3,t,t,275152,1
57,t,t,6038635,2
85,f,t,169278,1
13,t,t,6035699,1
16,t,t,768558,1
35,f,t,74374,1
12,t,t,74374,2
24,f,t,763113,1
75,f,f,3082764,1
75,t,t,321431,1
36,f,t,321128,1
44,t,t,6109285,4
,t,t,238195,1
8,t,t,6038635,1
66,t,t,76753,1
17,t,f,400982,1
47,t,t,149551,1
13,f,t,3581654,1
63,t,t,74498,1
94,t,t,3333176,1
108,f,t,778719,1
45,t,t,2145610,2
87,t,t,3155773,1
17,f,t,835344,3
,t,f,2974173,4
81,t,f,472636,1
13,f,f,6035699,1
21,f,t,150750,4
3,t,t,162721,1
,f,f,96317,1
17,t,t,73796,2
92,f,t,170400,1
,t,f,600940,1
54,f,t,835344,1
1,f,f,680977,1
61,t,t,6035699,1
15,f,t,175728,7
93,t,t,493167,1
17,t,t,3155773,1
36,t,f,778719,1
77,f,t,3492422,1
81,t,t,421448,2
25,t,t,661952,2
94,f,f,421448,1
14,f,t,149072,1
63,f,t,472639,1
3,f,t,238057,1
95,t,t,668180,1
63,f,t,76526,2
24,t,t,408562,1
83,f,f,170400,1
57,t,t,170400,1
94,t,f,3065783,1
95,t,t,798549,2
57,t,f,74374,1
80,f,t,3386163,2
6,f,f,3591322,3
52,t,f,472636,1
77,f,f,169645,1
36,t,t,2974173,1
52,f,t,265423,1
60,f,t,149072,1
52,f,f,74374,1
,f,t,3492422,1
63,f,t,92421,6
75,t,t,673297,1
67,t,t,3386735,1
73,t,t,662049,2
32,t,t,3065031,2
12,f,f,78885,1
39,t,t,32935,1
77,t,t,421448,1
,f,f,274505,1
72,f,f,680977,1
29,f,t,149072,4
57,t,t,3065031,2
21,t,t,3138622,10
40,f,f,3386735,1
,f,f,150669,1
11,f,f,3386735,1
30,t,t,2146025,1
15,t,t,6038196,1
63,t,f,149072,1
41,f,t,79138,1
44,f,t,807806,1
44,t,f,179849,1
44,t,f,74340,1
40,f,f,778719,2
12,t,t,20,1
76,t,t,472635,1
41,f,t,2974430,1
63,f,t,3371429,1
96,t,t,400746,1
108,t,t,680977,1
40,t,t,73796,1
72,t,t,680977,2
13,f,t,3138622,2
94,t,t,3386735,1
39,f,t,3138622,7
8,t,f,170400,1
21,f,f,3593920,1
63,f,t,778719,7
17,f,t,170400,3
29,f,f,400762,1
67,t,f,835344,2
41,f,t,74351,1
24,t,t,6035699,4
6,t,f,74044,1
47,t,t,778719,5
35,t,f,472636,1
36,t,f,78885,2
61,f,t,78885,1
24,f,t,74488,3
51,f,t,321145,1
31,f,t,187578,1
54,t,t,778719,9
80,t,t,798867,1
81,f,t,74374,2
63,t,t,3276885,1
75,t,t,400762,3
22,t,f,180067,1
25,t,t,88039,1
73,t,t,421676,1
72,t,t,149383,1
52,t,f,175728,1
11,f,t,3492422,1
73,f,t,6035699,2
93,t,f,662049,1
81,t,t,472633,2
3,f,t,3591052,3
96,t,t,91245,1
31,t,t,778719,4
42,t,f,431581,1
63,f,t,150669,3
,t,t,680977,46
16,t,t,6038635,3
11,t,t,3138622,7
29,f,t,179849,1
29,f,f,73575,1
67,t,t,169645,1
54,t,t,472633,1
,t,t,835344,8
11,t,t,110333,2
60,f,t,175728,1
25,t,t,32935,1
21,f,t,91245,2
28,t,f,556878,1
13,f,t,421846,1
44,f,t,73796,2
63,f,f,680977,1
,f,f,844059,1
13,t,t,768558,1
77,t,f,23,1
29,t,f,2211860,1
73,t,t,673297,1
63,t,t,170892,1
57,t,t,208991,7
72,t,t,504786,1
67,f,f,74059,2
,f,t,149383,1
45,f,f,680977,3
72,t,t,400762,1
,f,f,149072,3
17,t,t,74340,1
99,t,f,421448,1
94,t,f,3065031,1
3,t,t,3492422,3
10,f,t,778719,3
7,f,t,493167,1
75,f,t,74488,2
77,t,t,105886,1
85,t,t,3371429,1
24,t,t,274884,1
88,f,t,326920,1
33,f,t,175728,1
42,t,t,3386735,1
6,f,t,78837,1
39,t,f,74374,1
42,f,t,274898,2
96,f,t,326960,1
97,t,t,472636,1
61,f,t,400533,1
83,f,t,408562,1
,f,f,662192,1
67,t,t,6038635,8
24,t,t,768558,1
24,f,t,798549,2
,t,f,32029,2
21,t,t,3107528,1
36,t,t,150652,1
3,t,t,207376,1
31,t,t,96317,1
,f,t,3065031,19
52,f,f,835344,1
29,t,t,408562,3
130,f,f,472636,1
36,f,t,422115,1
7,t,t,3371429,5
28,t,t,209112,1
92,f,t,92421,1
7,f,t,265407,1
45,t,t,421448,6
63,f,t,179849,1
39,t,t,6035699,3
7,f,t,662049,1
29,t,t,149106,1
21,f,t,170400,3
28,f,t,267690,1
3,f,t,132580,1
28,t,t,87878,1
24,f,t,3371429,1
61,t,t,601046,1
,t,f,74498,1
96,t,t,3371429,3
70,f,t,149072,1
25,t,t,761016,2
29,t,t,73524,1
29,t,f,149551,2
75,f,t,493167,2
46,t,t,180067,1
,t,f,835344,3
61,t,t,149551,2
12,f,f,267723,1
29,f,t,601219,1
72,t,f,85601,1
94,t,f,193622,1
82,t,t,6109285,3
14,t,t,6109285,1
82,t,t,421448,1
26,t,t,472643,1
57,f,t,91245,1
86,f,t,91245,1
,f,t,78885,3
29,t,t,150207,1
96,f,f,6037719,1
34,t,t,6037719,2
39,f,t,187578,1
36,t,t,265407,1
31,t,t,472636,3
35,f,t,78837,2
85,t,t,76526,1
28,t,t,400762,1
22,t,t,680977,1
35,f,t,835344,1
,t,t,3155773,2
95,t,t,110333,1
32,f,t,74374,1
44,t,t,3593920,1
,t,t,327188,1
37,t,t,472635,2
77,t,t,76840,1
94,t,t,2145610,2
36,f,t,162721,1
44,t,t,400762,1
6,t,t,32563,1
67,t,t,274884,1
86,f,t,6038098,1
16,f,t,761016,1
42,t,t,150153,2
86,f,t,150488,2
83,t,t,2974430,1
84,t,t,266178,1
6,f,f,472632,1
54,t,t,556855,1
15,f,t,504786,1
55,t,t,835344,2
31,t,t,724928,1
51,f,t,6109285,1
,f,t,267690,1
36,f,f,274505,3
29,f,t,835344,2
3,t,t,170400,1
21,f,t,73796,1
73,t,t,778719,3
44,f,f,3164966,1
44,t,t,74488,1
36,f,t,73274,1
62,f,t,274898,1
78,t,t,169645,1
36,t,t,556878,8
11,t,t,6035699,1
25,t,t,6035699,6
29,t,t,78837,2
55,t,t,74340,1
55,f,t,3138622,2
59,f,t,150488,1
73,f,f,680977,1
57,t,t,680977,2
30,t,t,601046,1
6,f,t,3593920,1
16,t,t,493167,1
6,t,t,421448,8
28,t,f,3138622,1
36,t,f,680977,12
54,f,t,367568,1
56,t,t,472633,1
41,t,t,73796,2
44,f,t,187578,1
86,f,t,673297,2
29,t,f,3492422,1
72,t,t,180067,1
45,t,f,207376,1
86,f,f,778719,1
6,f,t,798957,1
95,t,t,169278,1
77,t,t,3371429,2
40,f,f,6030172,1
92,t,t,472633,1
17,f,f,778719,1
77,t,t,326810,1
,t,f,556871,1
67,f,t,266211,2
84,t,t,74059,2
72,f,t,73796,2
86,f,t,3065031,1
31,t,t,266242,1
72,f,t,78885,1
44,t,f,170400,1
57,t,t,3394824,3
20,f,t,662049,1
,f,t,207524,1
77,t,f,6109285,1
47,f,t,835344,1
75,t,t,6038434,2
24,f,t,556855,1
25,t,t,888076,5
80,f,t,408562,1
82,f,t,207524,2
88,t,t,150750,1
87,t,t,326757,1
6,f,f,3593920,1
73,t,t,761016,1
47,t,t,275152,1
63,t,t,672836,1
,t,t,2974173,3
52,t,f,169645,1
51,f,t,238057,1
67,f,t,3138622,3
86,f,t,798957,1
56,t,t,3386163,1
25,f,t,274505,1
29,f,f,3138622,3
28,t,f,76526,1
44,f,t,3394824,1
50,t,t,6038635,1
67,t,t,400762,5
87,f,t,421448,1
77,t,t,680977,6
81,f,t,78885,2
45,t,f,3065031,1
39,t,t,78885,1
35,t,t,149072,1
14,f,t,74488,1
99,t,t,175728,2
61,f,t,266211,1
62,t,f,3155773,1
44,f,t,6038544,1
80,f,t,798549,2
96,t,t,74488,3
28,f,f,74059,1
13,f,t,2237495,1
47,t,t,3065031,1
15,f,t,78885,1
96,t,t,472633,2
54,f,t,778719,4
44,t,t,326920,1
99,t,t,74374,2
17,t,f,69515,1
73,t,t,6038635,2
6,f,t,80795,2
25,t,t,74488,2
83,f,f,3333176,1
42,t,t,472636,4
35,t,t,778719,1
35,t,t,472635,1
55,t,t,23,1
92,t,t,472636,1
31,t,t,3371429,2
70,t,t,556855,1
32,t,t,472633,3
10,t,f,669712,1
55,t,t,431581,1
51,f,t,2146025,1
,t,t,669712,2
67,t,t,237823,4
,f,f,92421,1
30,f,t,662049,3
76,t,t,6038635,1
39,f,t,76753,1
44,t,t,175728,3
39,t,t,3593920,2
51,t,t,3593920,1
21,t,t,472633,6
81,t,t,2145610,1
86,t,f,421448,3
13,t,t,400762,2
83,t,f,3593920,1
40,f,t,266178,1
18,t,t,74059,1
41,t,t,3557622,1
45,f,t,778719,3
83,t,t,150750,1
24,t,f,327188,1
72,f,t,2148039,1
81,f,t,504583,1
46,t,t,3262563,1
63,t,t,493167,1
33,t,t,74488,1
2,f,t,74488,1
108,t,t,3138622,2
36,t,t,317457,1
57,t,f,3155773,2
36,f,f,150669,2
55,t,t,74488,1
47,t,t,74374,1
76,f,t,680977,2
25,f,t,400533,1
52,t,t,91274,1
82,f,t,3065031,1
76,f,t,3591052,1
52,t,t,321154,1
47,t,t,472637,1
29,f,t,556878,1
18,t,t,778719,1
13,t,t,170892,1
,f,f,3371429,3
17,t,t,264998,1
77,f,t,78837,2
31,t,t,150750,1
85,t,t,150617,1
6,t,t,326757,2
22,t,t,3138622,1
75,t,t,73796,4
57,t,t,150669,2
130,f,t,669712,1
28,f,t,150207,1
57,t,t,662049,2
11,f,t,6035699,1
11,t,t,3593920,1
72,t,t,472632,1
6,t,t,669712,1
108,t,t,149106,1
45,f,f,326960,1
34,t,t,3138622,3
17,t,t,668194,1
67,f,t,175728,6
72,t,t,6038434,1
24,t,t,798549,2
7,t,t,326810,1
29,t,t,162721,2
36,t,t,74488,2
60,f,t,87842,1
14,t,t,669712,1
,t,t,400762,3
72,f,t,662049,1
96,f,t,6109285,2
24,t,t,327010,1
81,f,t,421448,2
67,t,t,6038434,1
72,f,t,74351,1
47,f,t,80437,1
52,t,t,2944326,1
130,t,t,6036179,1
78,t,t,80795,2
56,t,t,3386735,1
28,t,f,150750,1
28,t,f,169645,1
62,f,t,6035699,2
32,t,t,6035699,1
15,t,t,150514,1
67,t,f,673297,1
26,t,t,149072,1
,f,f,179849,1
50,t,t,150669,1
52,t,t,673297,1
12,f,t,556878,6
37,t,t,326757,1
41,t,t,32935,1
39,f,t,6038705,2
70,f,t,170400,1
50,t,t,74488,1
25,t,t,92421,1
85,f,t,680977,3
80,t,t,149551,2
76,t,t,78885,2
3,f,t,265144,1
59,t,t,6035699,1
46,t,t,92421,1
51,t,t,91274,1
45,t,f,421448,1
66,t,f,680977,3
85,t,t,6037719,1
83,f,f,472636,1
29,f,t,3591322,1
22,f,t,3065031,3
12,t,f,400762,1
99,t,t,150207,1
7,t,f,888076,2
47,t,t,76526,2
,t,f,74374,3
95,f,t,6035699,5
18,t,t,6038544,1
84,t,t,668194,1
57,t,t,321431,1
29,t,f,798957,1
82,t,t,274505,1
52,t,t,6038326,4
13,f,t,3371429,1
29,t,t,74059,1
81,f,f,78885,1
11,t,t,73796,1
65,f,t,421448,1
52,f,t,3138622,1
80,f,t,400762,1
96,f,t,3386735,2
72,t,t,3371429,1
52,f,t,76526,2
39,f,t,556878,6
6,t,t,2974173,3
47,f,t,400762,1
63,f,t,680977,1
72,t,t,493167,2
39,t,t,321154,1
35,f,t,680977,2
21,f,t,472635,1
29,t,t,778719,9
72,f,t,78837,1
10,t,t,3371429,1
22,f,t,76526,1
45,f,t,680977,3
44,f,t,2237495,2
15,f,t,3138622,2
61,t,f,3593920,1
86,t,t,110409,1
21,f,f,266371,1
17,t,t,207376,1
3,t,t,88039,3
78,t,t,778719,2
34,f,t,6036179,1
39,f,f,175728,1
15,f,t,179849,1
52,f,t,6030172,1
11,t,t,74356,1
39,f,t,673297,2
36,t,t,6036179,4
,f,t,92421,5
99,t,t,504583,1
36,t,t,175728,5
6,f,t,170400,5
67,t,t,78837,2
1,f,t,798549,1
13,t,t,91274,1
40,f,f,400762,1
22,t,t,275152,1
,t,t,264998,5
8,t,t,3138622,3
7,t,t,778719,4
76,f,t,6037719,1
80,f,t,2211860,2
16,t,t,96317,1
11,t,t,472633,1
52,f,f,265407,2
,f,f,92495,2
39,t,t,662192,1
62,f,t,835344,1
67,f,t,321431,1
22,f,f,74488,1
8,t,t,266242,2
6,t,f,3065031,1
15,f,t,274505,1
54,t,t,80795,3
20,f,t,472643,1
45,f,t,179939,1
57,t,t,179939,1
30,f,t,673297,1
95,t,f,207376,1
75,t,t,2974173,1
28,f,t,6035699,2
52,f,t,132580,2
35,t,t,556855,1
52,f,t,266178,2
52,f,f,3591322,2
12,t,t,179849,1
3,t,t,400746,3
35,f,t,673297,2
52,t,t,790382,1
25,t,t,3138622,9
72,f,t,835344,1
63,t,t,673227,2
57,f,t,149072,1
2,t,t,431581,1
52,f,f,170400,1
57,t,t,779703,1
29,t,t,88039,2
63,t,f,661952,1
21,t,t,264998,1
15,f,t,6109285,1
69,t,t,110409,1
77,f,t,3394824,1
94,f,t,3492422,1
28,f,t,6030172,1
13,t,t,673297,1
18,t,t,3371429,1
72,f,f,6035699,1
3,t,t,6035699,13
35,t,t,2145610,1
67,f,t,78885,3
24,f,t,6035699,11
3,t,t,76753,1
81,f,t,2237495,1
76,f,f,673297,1
67,t,f,778719,1
29,f,t,3386735,1
30,t,t,264998,1
11,t,f,3138622,1
,t,f,78885,1
,f,t,133715,1
61,t,t,6036179,1
75,t,t,80437,1
21,t,t,431581,1
3,t,t,73796,4
41,f,t,6037719,2
92,t,t,408562,1
67,f,f,78885,2
39,t,f,556878,3
,t,f,493167,2
130,t,t,778719,4
17,t,t,668180,1
45,f,t,208991,1
39,f,f,150488,1
,f,t,835344,10
,f,f,76840,1
21,f,t,3394824,1
86,t,t,91274,1
61,t,t,6038255,1
51,f,t,3593920,1
,t,t,80437,13
86,f,t,601135,1
6,t,t,6036179,1
33,t,f,400762,1
50,t,t,149551,1
83,t,t,472633,1
67,t,t,2145610,5
52,t,t,73796,4
59,f,t,150380,1
3,t,t,150669,1
25,f,t,556878,1
6,f,t,472636,6
94,f,f,73274,1
63,t,t,92421,5
94,t,t,400982,1
24,t,f,2974601,1
72,f,t,6038098,1
96,t,t,91274,1
86,f,t,778719,3
67,t,t,20,3
95,t,t,6109285,1
77,t,t,175728,4
86,t,f,76753,1
13,f,t,85850,1
41,t,t,92421,1
22,t,f,556855,1
40,t,t,431581,3
40,f,t,150669,1
,t,f,150750,1
32,t,t,3371429,2
94,t,t,267690,1
6,f,f,3333176,5
67,t,t,835344,4
82,t,f,265429,1
76,f,t,179730,1
25,t,t,6109285,1
63,f,t,3591052,1
12,f,t,6038196,11
15,t,f,556878,1
12,f,f,150669,1
22,t,t,3065031,6
17,t,t,186806,1
41,t,t,175728,1
12,t,t,6036009,2
87,t,t,3065031,1
,t,t,267723,1
22,f,t,150750,2
81,t,t,504786,3
81,f,f,3386735,1
81,t,f,74498,1
96,f,t,778719,6
6,t,t,149551,10
28,t,f,74488,1
21,f,f,175728,1
,t,t,180067,4
25,t,f,3386735,1
51,t,t,6038635,2
,t,t,266350,1
29,t,t,3262563,1
28,t,t,2974430,1
15,f,t,778719,7
73,f,t,321145,1
130,f,t,266201,1
29,f,t,87842,1
75,t,f,680977,4
28,t,t,81165,1
,f,t,421815,1
25,t,f,3107528,1
54,f,f,3065031,1
17,t,t,3394824,1
16,t,t,187578,1
29,f,t,74059,2
94,t,f,680977,7
86,t,t,431561,1
8,f,t,3371429,4
12,t,t,680977,4
41,f,t,421448,1
34,f,f,96256,1
51,t,t,267690,1
81,t,t,3155773,1
55,f,t,400762,2
81,t,f,3138622,1
28,f,t,400533,1
94,t,t,778719,7
16,t,t,274898,1
20,f,t,6109285,1
6,t,t,6038434,2
3,t,t,673297,2
41,f,f,87842,1
82,t,t,680977,3
20,f,t,6037719,1
24,f,f,662049,1
11,t,t,431561,1
80,f,t,2145610,1
69,f,t,408562,1
29,t,t,2974173,1
12,f,t,6038175,1
11,f,f,3065783,1
30,f,t,3138622,3
15,f,t,78837,3
67,t,t,6037719,1
25,t,t,680977,5
51,t,f,3394824,1
46,t,t,6035699,1
3,t,f,91274,1
96,f,t,673297,1
37,t,t,778719,1
28,f,t,400746,1
25,f,t,6035699,12
52,f,t,673297,1
17,t,f,6038635,1
42,f,t,6035796,1
67,t,t,326920,1
95,f,t,150669,3
96,t,t,150652,2
12,t,t,6038544,2
29,t,f,3065783,1
21,t,t,150750,8
96,t,t,321154,2
86,t,t,472636,1
29,t,t,431581,1
,t,t,74044,2
52,f,t,6038544,1
76,t,f,175728,1
15,t,t,472639,1
57,t,t,2144698,1
28,f,t,6038635,1
47,t,t,472643,1
,f,t,6038544,2
14,t,t,169645,1
30,f,t,150652,2
1,t,f,149072,1
29,t,t,193622,1
6,t,t,274898,1
29,t,t,69515,1
52,f,t,662049,1
45,f,t,493167,1
28,f,t,175728,10
63,t,f,96253,1
63,t,t,673297,3
67,t,t,275152,2
63,f,t,3492422,1
3,t,t,150380,1
67,t,f,78885,1
95,t,t,790382,1
63,f,t,6036179,1
30,t,t,3155773,1
6,t,t,779703,2
86,t,t,472637,1
7,t,t,6036179,1
6,t,f,32563,2
17,f,t,2147460,1
3,f,t,150380,1
86,t,f,3065783,1
3,f,f,421448,2
13,f,f,3065031,1
21,t,t,80795,1
,f,f,3593920,4
108,t,t,6037719,1
,t,t,6037719,6
32,t,t,74488,1
12,f,t,20,4
130,t,t,3371429,3
61,t,t,74044,1
12,t,t,3138622,11
51,f,t,207524,1
29,f,f,3371429,1
17,t,t,3138622,3
31,t,t,761016,1
55,t,t,32563,1
17,t,f,680977,2
84,f,t,73796,1
,f,t,3581654,2
72,f,f,265407,1
12,t,f,179849,1
28,t,t,778719,8
3,t,t,91245,1
29,f,f,170400,1
39,f,t,778719,4
72,t,t,835344,1
7,f,f,179849,1
12,t,f,556878,2
13,f,f,493167,1
12,f,t,661952,1
40,f,t,400746,1
17,t,f,2252248,2
36,f,f,504583,1
21,t,f,3065031,2
40,t,t,91274,1
77,f,t,6037719,1
92,t,f,92421,1
24,t,f,6109285,1
17,t,t,326757,1
6,t,t,180067,1
94,t,t,400762,1
40,f,t,266201,1
26,t,t,778719,1
12,t,t,778719,3
8,f,t,601099,1
75,t,t,556878,3
16,t,t,150750,4
6,f,f,3386005,1
6,f,t,421448,15
51,f,t,150750,4
59,f,t,3591052,1
41,f,t,87842,1
51,f,t,74374,1
25,t,t,326757,1
,f,f,3081935,2
44,t,f,3138622,1
67,f,f,207340,1
75,f,t,274505,2
25,t,t,3065031,11
7,t,f,556873,1
92,t,t,208991,2
67,t,t,662049,1
29,f,t,3138622,12
44,t,t,556855,3
67,t,t,3077479,1
130,t,t,6037719,1
77,t,t,3077479,1
57,t,f,169645,1
36,f,t,3394824,1
67,t,t,504786,1
30,t,t,150617,1
86,t,t,326960,1
67,f,t,209112,1
35,t,t,87878,1
92,f,t,768558,3
30,t,t,326920,1
,t,f,80795,1
72,t,t,179849,1
17,t,t,274505,2
28,f,t,238195,1
44,t,t,601099,1
37,t,t,150750,2
,t,f,673297,1
72,t,t,768558,1
52,t,t,493167,1
54,t,t,150207,1
32,f,f,421448,1
52,t,t,662049,1
,t,t,6030172,1
12,f,t,73796,3
42,t,t,78885,1
46,f,f,472636,1
26,f,t,3371429,1
15,t,t,96003,1
41,t,t,2145610,3
42,t,t,472633,2
36,f,t,326757,1
36,t,f,6037719,1
87,f,f,504583,1
44,t,t,150750,6
62,t,t,6035699,2
44,f,t,149072,2
,f,t,80795,5
54,f,f,6035699,1
94,f,t,421448,3
50,f,f,149383,1
2,t,t,778719,3
3,t,f,3065031,1
84,f,t,6035699,3
55,f,t,80437,2
2,f,t,162721,1
77,t,f,673297,1
24,f,t,3138622,1
12,f,f,600846,1
52,f,t,6036179,1
17,f,t,149072,1
54,t,f,799093,1
33,f,f,20,1
31,f,t,3492422,1
28,f,t,669712,2
18,t,t,408562,1
,t,f,3371429,5
67,f,t,187578,2
44,f,t,3591052,1
35,t,t,6038635,2
,f,f,175728,3
76,f,t,266201,1
78,f,t,472643,1
,f,t,170400,7
8,t,t,790382,2
55,f,t,778719,6
45,t,t,170589,2
12,t,f,111575,1
12,f,t,87878,1
6,f,t,601099,3
28,t,t,321154,2
6,t,t,3557622,3
,t,f,3262563,1
83,t,t,6035699,3
75,t,t,2145610,2
95,f,t,91245,1
92,f,t,790382,1
29,t,t,400762,3
94,t,t,207376,2
96,f,t,175728,3
61,t,t,96253,1
73,t,t,835344,3
83,f,t,3138622,2
1,f,t,3138622,3
94,t,t,150652,2
17,f,t,6035699,4
30,f,t,179939,1
15,f,t,74059,5
54,t,t,3371429,10
83,f,f,3138622,1
41,t,t,2144698,1
94,t,t,105886,1
94,t,f,2974601,1
85,t,t,472636,1
86,t,t,3591052,1
39,f,f,78885,1
,t,f,32861,1
25,t,t,20,2
130,f,t,85850,2
11,f,t,76526,1
45,t,t,265238,1
66,t,t,6035699,1
3,f,t,472636,1
35,t,t,32563,1
11,t,f,556878,1
51,t,t,88039,1
17,f,t,493167,2
76,t,t,3065031,1
8,t,t,73796,2
96,t,f,137642,1
60,f,t,327010,1
72,f,f,76753,1
130,f,t,798549,1
80,t,t,3155773,3
24,t,f,668194,1
96,t,t,421448,4
10,t,t,669601,1
80,t,f,680977,1
52,t,t,6109285,4
,f,t,321145,1
22,f,t,472636,5
85,f,t,401155,1
,f,t,2211860,1
39,t,f,32563,2
,t,t,779703,1
40,f,t,673297,1
75,t,t,3386735,1
6,t,t,673297,2
12,f,t,778719,2
21,t,t,274505,1
67,f,f,778719,2
45,f,t,3371429,2
55,t,t,3371429,2
7,f,t,170400,1
6,f,t,2974601,1
28,t,t,673297,2
80,t,f,421448,1
36,f,t,266178,1
,f,f,778719,3
28,t,t,662049,4
73,t,t,105886,1
20,t,f,327188,1
16,t,t,2237495,1
,f,t,556855,6
16,t,t,321431,1
86,t,t,150750,1
40,f,f,600998,1
3,t,t,3155773,1
10,t,t,150380,1
57,t,f,680977,3
41,f,t,6038544,1
86,f,t,472636,1
26,f,t,150750,2
34,t,f,73712,1
,t,f,149106,1
69,t,t,170400,1
61,f,t,400746,1
57,t,t,81165,1
32,t,t,400982,1
35,f,t,6036179,1
42,t,t,150750,10
24,t,f,680977,1
12,t,f,680977,7
86,t,f,184050,1
57,t,t,3138622,4
84,f,t,150750,4
16,t,t,74059,1
63,t,t,472643,1
26,f,t,150669,1
17,t,t,472636,1
29,f,t,76526,1
51,t,t,673297,1
67,t,f,472636,1
3,t,t,431561,1
44,t,f,680977,3
16,t,t,6038196,1
35,f,t,6037719,2
73,t,t,3492422,1
82,f,t,835344,1
130,t,f,504786,1
29,f,f,778719,1
24,f,t,150669,2
96,t,t,87878,1
41,t,t,761016,1
6,f,f,266211,1
44,f,t,669712,1
54,t,t,87878,4
12,t,f,193622,1
6,t,t,110514,1
86,t,t,3155773,1
25,t,f,3371429,1
3,t,t,2974173,2
17,f,t,673297,1
39,f,t,6035699,2
67,f,t,80437,1
21,t,t,266211,1
99,t,t,3386163,1
59,t,t,150652,1
24,f,t,6038705,1
81,f,t,400762,1
3,f,t,724928,1
6,t,t,91245,1
62,t,t,76753,1
40,f,f,6109285,2
12,f,t,132580,3
83,f,f,778719,1
11,f,t,493167,2
130,t,f,3386735,1
54,f,t,6036179,1
,f,t,74059,4
,t,f,162721,1
6,f,f,556873,1
3,t,t,2144698,2
,t,t,266242,3
7,t,t,3065031,6
82,t,t,105886,1
22,t,t,3155773,2
7,t,t,835344,1
,t,t,149106,1
57,f,t,179730,1
18,f,t,3065031,1
,t,t,400982,2
76,f,t,73796,1
,t,f,799093,1
54,t,t,6038098,1
6,f,f,92421,1
39,t,t,556855,1
96,t,t,601046,1
76,f,t,175728,1
54,t,t,96253,3
61,f,f,680977,2
3,t,t,3371429,10
37,f,t,493167,1
21,t,f,421448,2
25,t,f,207376,1
42,t,t,169645,1
24,f,t,6109285,5
12,t,t,669712,1
75,t,t,6038705,1
63,t,t,778719,12
94,f,t,6035699,2
3,t,t,680977,6
86,t,f,74488,1
57,f,f,835344,1
86,f,t,78885,2
76,f,t,74488,1
39,t,t,472635,1
28,f,t,150750,6
52,t,t,150750,10
67,f,f,20,1
,t,t,111575,1
35,f,f,3065031,1
25,t,t,150750,5
21,t,f,110409,1
6,f,f,326810,1
86,t,t,3492422,1
,t,f,73796,2
52,f,t,6109285,3
52,t,t,556878,1
16,t,t,180067,1
73,t,t,74488,1
51,f,t,3138622,2
57,t,t,472636,2
69,f,t,92421,1
52,f,t,92421,1
86,t,t,472635,1
73,f,t,85850,1
81,t,t,150750,1
35,f,t,6036009,2
34,t,t,669712,1
,t,f,110409,2
3,f,t,204942,1
6,f,t,32029,3
,f,t,493167,7
6,f,f,87842,2
73,f,t,150306,1
94,t,t,798549,2
21,t,t,3065031,5
7,t,t,169278,1
8,t,t,6109285,1
11,t,f,149551,1
36,f,t,556878,4
66,t,t,472636,2
67,t,t,673297,4
7,f,t,6036179,1
12,t,t,472636,4
3,f,t,798867,1
25,f,t,3138622,6
63,f,t,431561,1
6,t,f,73274,1
130,t,t,74498,1
8,t,t,400746,2
28,t,t,669712,1
52,t,f,170400,1
25,f,f,888076,1
37,f,t,662049,1
84,f,t,421448,1
8,f,t,6109285,1
73,t,t,74059,1
94,t,t,401155,1
31,t,t,209112,2
72,t,t,150750,1
44,t,t,601135,1
75,t,t,472636,7
13,t,t,835344,2
21,t,f,149551,1
7,t,t,400533,1
86,t,f,207376,1
81,t,t,835344,2
77,t,t,662049,1
78,t,t,493167,1
37,f,f,3082764,1
67,t,t,274505,3
29,t,t,6038635,1
21,f,t,3371429,7
14,t,t,150750,1
99,t,t,32935,1
35,t,f,400762,1
39,f,t,3065031,1
31,f,t,76526,1
,f,f,78837,1
80,t,t,170400,1
72,f,t,472632,1
21,t,t,3163893,1
96,t,t,149072,1
21,t,t,6109285,11
46,f,t,6035699,1
,t,f,408562,1
16,f,t,6035796,1
17,f,t,680977,4
7,f,t,6038196,1
35,f,t,321145,1
40,t,t,680977,3
34,t,t,3065031,1
3,t,t,85528,1
45,t,t,110409,1
52,t,f,680977,2
7,f,t,150669,2
45,t,t,267723,1
30,f,t,6038544,1
29,f,t,600846,1
7,f,t,74488,1
12,f,f,778719,1
22,f,t,768558,1
,t,t,74374,7
34,t,t,74374,1
17,f,f,680977,4
67,f,t,6038175,1
78,t,t,3065031,1
14,f,t,798867,1
80,t,t,762232,1
28,t,t,6038635,11
83,f,t,150750,1
37,f,t,74059,1
60,t,t,680977,1
52,f,t,3065031,10
63,f,t,111575,1
1,f,t,601099,2
28,f,t,400762,5
57,f,t,326960,1
67,t,t,74374,2
3,f,f,600846,1
21,t,t,149383,1
,f,f,400746,2
17,f,t,237823,1
29,t,f,150669,1
41,f,t,778719,9
41,f,f,87878,1
11,t,t,179939,1
57,f,t,421448,1
86,t,t,139034,1
40,t,t,6038635,2
8,t,t,78837,1
52,t,t,2144698,2
16,t,t,149551,7
6,f,t,150514,2
67,f,t,6030172,3
21,t,t,2974173,1
57,f,f,2211860,1
96,t,t,3492422,2
16,f,t,835344,1
25,t,t,149551,6
7,t,t,680977,2
,f,t,209112,5
40,t,t,32563,1
63,t,t,3371429,2
67,t,t,74488,2
12,f,t,32884,1
12,f,t,400533,1
75,t,f,74059,1
8,f,t,78837,2
52,f,t,321145,1
67,f,f,3065031,6
13,f,t,74488,1
44,t,t,6037719,5
12,f,t,3138622,8
63,t,t,556878,1
29,t,f,400762,1
36,f,t,2192023,1
63,t,t,32935,1
73,t,t,601099,1
61,t,t,170400,1
95,f,t,74488,3
83,t,t,91245,1
1,t,t,6038326,1
94,f,f,2148039,1
84,t,t,76753,1
55,f,t,73796,1
13,t,t,175728,2
94,t,t,208991,3
59,f,t,150669,1
96,t,t,326920,2
36,t,t,3138622,1
29,f,t,3593920,1
,f,f,6035699,4
,t,t,150750,20
77,f,t,76526,1
39,f,t,835344,2
7,t,t,6035796,1
3,f,t,6038544,1
15,f,t,400746,1
86,t,f,680977,3
36,f,t,6035699,2
39,t,f,91274,1
6,f,t,3394824,2
73,t,t,78789,1
17,t,f,175728,2
21,f,t,80795,1
29,t,f,673297,1
29,t,t,208991,4
6,t,f,3386735,1
17,t,f,170892,1
57,f,f,87842,1
96,t,t,472635,1
54,f,t,209112,1
57,f,t,778719,8
35,f,t,150750,1
54,f,t,150514,1
6,t,f,400982,1
81,t,f,85528,1
17,f,t,73796,1
67,t,t,6109285,5
41,t,t,266242,1
51,t,t,662049,4
25,t,t,556871,1
75,t,f,556878,1
20,f,t,150153,1
36,t,t,150207,1
34,t,t,662049,1
80,f,t,680977,1
96,t,t,110333,1
15,t,t,472635,1
42,t,f,778719,1
17,t,t,208991,1
67,t,t,798549,1
21,f,t,169645,1
11,f,t,110333,1
28,f,t,74411,1
17,t,t,326920,3
44,f,f,3371429,2
44,f,f,3138622,1
,t,t,3164966,1
83,t,t,169278,3
67,f,t,3492422,1
94,f,t,87842,1
30,t,t,493167,1
76,f,t,6036179,1
3,f,t,778679,2
,f,t,73796,15
54,f,t,74488,1
18,t,t,208991,1
39,t,t,237823,1
42,t,t,74507,1
75,t,t,799093,1
84,t,t,326920,1
8,t,t,400762,1
77,f,t,3065783,1
35,t,f,326757,1
72,f,t,74488,1
61,f,t,149072,1
51,f,t,87878,1
59,t,t,149551,1
3,f,t,76840,1
29,f,t,6109285,11
,t,t,3077479,1
34,f,t,150669,1
15,t,t,6035699,5
25,t,t,472636,4
55,t,t,3138622,4
80,t,t,150652,2
36,t,t,274505,2
6,t,t,85850,1
66,f,f,680977,1
59,t,f,3155773,1
72,f,t,3065031,1
96,t,t,778719,5
81,t,f,504786,1
32,f,t,76526,1
67,f,f,76840,1
75,t,t,6035699,6
46,t,t,400746,1
72,f,t,74059,5
86,f,t,150750,2
42,t,f,3065031,2
3,t,t,175728,1
29,f,t,150514,1
35,t,t,73796,1
52,f,f,778719,1
26,t,t,6035699,2
22,t,t,778719,3
54,f,t,150750,2
86,t,t,326920,1
52,f,t,472636,3
85,t,t,265429,1
,t,t,662049,17
8,t,t,88039,1
63,f,f,175728,1
16,t,t,2146025,1
14,f,t,3065031,2
75,t,f,3082764,1
3,f,t,600940,1
24,f,t,3065031,4
59,f,t,680977,1
77,t,t,180067,2
47,t,t,85850,1
15,f,t,3065031,2
15,t,f,237823,1
28,t,t,2974246,1
15,t,t,421448,1
57,t,t,6037719,1
57,f,t,78837,3
84,f,t,6038705,2
26,t,t,96253,2
7,t,f,3593920,1
24,f,f,3591322,1
42,t,f,2974601,1
78,f,t,6109285,1
130,f,t,209112,1
52,f,t,74488,2
13,t,t,150750,2
1,f,t,87842,1
33,t,t,3394824,1
6,f,f,3065031,1
3,f,t,74044,2
31,t,t,3138622,4
13,t,t,321154,1
77,f,f,150207,1
63,f,t,472635,1
39,t,t,73796,2
44,t,t,150669,1
,t,t,209112,3
17,t,f,162721,1
28,f,f,208991,1
45,f,f,472636,1
77,f,t,170400,2
,f,t,798549,1
35,f,t,556878,4
75,f,t,3065031,4
34,t,t,73796,1
,f,f,150750,1
86,f,f,175728,1
12,t,t,74498,1
73,t,t,209112,1
16,t,t,6035699,6
21,f,f,327010,1
69,t,t,6035699,1
42,t,t,6109285,3
81,t,t,169645,1
,f,f,799093,2
84,f,t,6109285,1
81,f,t,6109285,3
24,f,t,493167,1
28,f,t,408562,1
17,t,t,207524,1
72,t,t,74488,2
,f,t,321128,2
63,t,t,6035699,3
55,f,t,73274,1
61,f,t,6036009,1
67,t,t,6035699,9
37,t,t,274505,1
73,f,t,321431,1
72,f,t,556855,1
22,f,t,32881,1
24,f,t,421448,1
41,t,t,680977,3
94,t,f,2192023,1
32,f,t,401155,1
,t,f,326757,1
13,f,t,778719,2
76,f,t,3371429,1
12,t,t,96003,1
,f,f,150652,1
7,f,f,150652,1
41,t,t,3138622,8
65,f,t,493167,1
28,t,t,3138622,1
62,t,t,3065031,3
82,f,t,3138622,1
57,t,t,78837,2
3,t,t,408562,2
82,t,t,472633,1
46,f,t,78837,3
77,f,t,3065031,4
52,f,t,150669,2
22,f,t,150669,1
77,f,t,6038705,1
31,t,t,78837,2
86,t,t,3557622,2
,t,t,96317,2
83,f,t,3263751,1
1,f,t,3371429,3
29,t,t,6038434,1
67,t,t,6038544,1
29,t,t,3593920,1
21,f,t,673297,1
41,t,t,798549,1
36,t,t,73796,4
52,f,t,778719,9
66,t,t,32029,1
15,t,t,74059,2
44,t,t,400746,1
55,f,f,85850,1
2,f,t,680977,2
82,f,t,105886,1
,f,t,400746,5
36,f,t,662049,3
63,f,t,266211,1
54,t,t,74044,1
36,t,t,74411,1
86,f,t,111575,1
22,t,f,472636,1
11,t,t,6037719,5
62,t,t,493167,1
6,t,t,3065031,13
29,t,t,421448,5
84,f,f,421448,1
,t,f,76416,1
44,f,t,504583,1
15,t,t,798867,1
85,t,t,493167,1
8,t,t,74351,1
44,t,t,6038434,3
93,t,t,3138622,1
44,t,t,3065031,5
96,t,f,85601,1
35,t,f,175728,1
73,t,t,431561,1
86,f,t,132580,2
29,f,f,472635,1
96,f,t,6035699,3
55,t,t,472636,1
11,f,t,74059,1
39,f,t,680977,6
52,t,t,76526,1
3,f,t,150652,1
86,t,t,32502,1
6,t,f,3593920,1
3,t,t,493167,3
95,f,t,798867,1
,f,t,88039,1
20,f,t,3138622,1
99,f,t,150750,2
57,t,t,6109285,4
29,t,t,3077479,1
44,t,t,421448,3
28,f,t,20,1
59,t,f,85528,1
41,f,t,73796,1
99,t,f,556871,1
39,t,t,472643,1
94,t,t,2957199,1
39,t,t,80437,1
3,t,t,149551,15
13,f,t,601099,2
63,t,f,74059,1
25,f,f,150652,1
73,f,f,3593920,1
6,f,t,1947965,1
37,f,t,472636,2
6,f,t,421846,1
21,t,t,761016,1
80,t,t,3386163,1
6,f,f,96256,1
67,f,t,266371,1
,f,t,32021,1
40,t,t,673297,1
57,t,t,6035699,2
36,f,f,76753,5
25,t,f,266350,1
85,t,t,421448,3
17,f,t,274505,1
39,f,t,265429,1
62,t,t,662146,1
31,f,t,85601,2
63,f,t,669555,1
11,t,t,150617,1
7,f,t,266350,1
86,f,t,74488,1
81,t,t,661952,1
83,t,t,175728,2
96,t,t,6109285,3
,t,t,150669,8
33,f,t,472635,2
44,f,t,6038196,1
15,t,t,835344,2
29,f,t,85601,3
93,t,t,3065031,3
78,t,t,3557622,1
6,f,f,3082764,1
84,f,t,87878,1
2,t,t,175728,2
7,t,f,149551,2
28,t,t,180067,3
,f,t,266178,2
,f,t,472643,2
21,f,t,76526,3
77,t,t,150669,1
83,f,t,778719,4
63,f,t,673297,2
73,t,t,3065031,8
11,f,t,601099,1
13,f,t,149072,2
,t,t,504786,2
,f,f,556873,1
84,t,t,472633,1
1,t,t,2145610,1
37,t,t,3065031,1
26,f,t,321145,1
15,f,t,20,1
54,f,f,3371429,1
15,f,t,92421,2
94,f,f,179730,1
63,t,t,3065031,2
94,t,t,3591052,2
35,t,t,73524,1
29,t,t,274505,1
6,f,t,3065955,1
7,f,f,150750,1
2,t,t,150380,1
39,t,f,2974601,1
13,f,t,132580,1
86,t,t,3065031,2
17,t,t,3371429,1
,t,t,92495,1
45,t,t,400533,1
96,t,t,3557622,1
2,t,t,150514,1
80,t,t,3138622,2
51,f,t,3077479,1
12,f,t,80437,2
86,t,t,504583,1
13,t,f,266201,1
67,f,t,6035699,11
55,t,t,799093,1
76,t,t,472636,3
39,f,t,6038175,2
52,t,t,170400,1
6,t,t,266220,1
70,t,t,400762,1
3,f,t,32029,1
36,t,f,3138622,1
11,f,t,662049,2
75,t,t,150750,2
81,t,t,778719,1
61,t,t,673297,1
97,t,t,74498,1
96,f,t,3065031,8
11,t,f,2237495,1
,t,t,69515,2
39,f,t,74411,1
35,t,t,400762,3
80,t,t,835344,1
44,t,t,6038326,1
86,f,t,400533,1
83,t,t,472636,1
13,t,f,680977,2
6,t,t,73796,3
92,f,t,207340,1
11,t,t,680977,1
36,t,f,74488,1
6,f,t,179939,1
96,f,f,6109285,1
6,t,t,400655,1
,f,f,74488,1
6,t,t,327010,1
72,t,f,74340,1
73,f,t,778719,4
,f,t,600846,1
8,f,t,2145610,1
8,f,f,680977,1
6,f,t,3164270,1
12,t,t,150652,1
28,t,t,73796,3
29,f,t,32935,1
83,t,t,3386735,1
44,f,t,74059,2
11,f,f,400920,1
40,f,t,78885,1
21,f,t,680977,13
13,t,t,149551,2
24,t,t,6109285,1
29,t,t,76753,1
36,f,t,6038196,1
40,f,f,3065031,1
73,t,t,431581,3
72,f,t,472639,1
86,f,f,400762,1
16,t,t,74498,1
55,t,t,2145610,2
73,t,t,274505,2
13,t,t,32563,1
56,f,t,3138622,1
3,t,t,768558,3
29,f,t,601135,1
96,t,t,408562,1
36,t,t,6037719,2
92,t,t,3065031,3
73,f,t,74059,1
22,f,t,78837,1
32,t,t,170400,1
50,f,t,3065308,1
61,f,t,3371429,1
6,t,t,74498,3
31,t,t,472635,2
8,t,t,327010,1
59,f,t,493167,1
35,t,t,265423,2
21,t,t,175728,4
86,f,t,170400,3
54,t,t,74374,1
6,t,t,778719,7
54,t,t,807806,1
2,t,t,3386735,1
,t,t,74351,1
94,f,t,32935,1
12,f,t,6037719,5
108,f,f,680977,1
2,t,f,422115,1
36,f,f,150750,2
24,t,t,662049,1
70,t,t,3138622,2
86,t,t,74059,1
96,f,t,472635,1
8,f,t,150750,8
40,f,f,680977,1
21,f,t,6035796,1
6,f,t,85850,4
86,t,t,327134,1
96,f,t,76800,1
57,f,t,150750,2
21,f,t,472643,1
52,f,t,472632,1
16,f,t,78837,2
44,t,t,326960,1
39,t,t,150750,3
20,f,t,321145,1
80,t,f,3155773,2
12,f,f,680977,2
11,f,t,179939,1
31,t,t,835344,1
93,t,t,6038635,2
65,t,t,3065031,6
2,t,t,680977,2
72,t,t,265407,2
81,t,t,431581,1
6,t,t,3371429,8
78,t,t,472635,1
95,f,t,6109285,1
75,t,t,6036179,2
3,f,t,3581654,1
3,t,t,326757,1
10,f,t,150750,2
77,t,t,149551,1
35,t,t,150750,2
12,f,t,274505,1
3,f,t,421448,4
84,t,t,400472,1
37,f,f,74595,1
16,t,t,170400,1
80,t,t,6109285,3
52,f,t,150153,1
94,t,t,187578,1
55,f,t,265407,2
81,t,f,3065031,2
31,f,f,87878,1
28,f,t,600846,1
6,f,t,266350,1
30,f,t,274884,1
,f,t,472632,2
35,t,t,326920,1
41,f,t,85572,2
83,f,t,835344,3
73,f,t,761016,1
75,t,t,32563,1
75,f,f,680977,4
12,f,t,175728,14
61,f,f,3164270,1
21,f,t,3386735,1
34,f,t,78885,1
94,f,t,175728,2
,f,f,835344,6
40,t,t,85850,1
15,t,t,2144698,1
45,t,f,778719,1
41,f,t,78885,1
25,t,f,3155773,2
80,f,t,421448,1
94,f,t,3371429,2
73,f,t,662049,2
29,t,t,180067,1
96,t,t,187578,1
99,f,t,132580,1
72,t,t,790382,1
99,t,t,3262563,1
47,f,f,680977,1
3,t,t,267690,1
70,t,t,556878,1
3,t,t,2974246,1
12,f,f,835344,1
63,f,t,421467,1
36,f,t,668194,1
10,f,t,472636,2
29,f,t,3164270,1
75,t,t,74374,4
26,f,t,6035699,1
54,f,t,150669,1
29,f,t,179939,1
42,f,t,74059,1
67,t,t,680977,9
31,t,t,85601,1
25,f,t,92421,1
72,f,t,274898,1
86,t,f,421467,1
84,f,t,835344,1
57,f,f,680977,2
24,t,t,421448,2
80,f,t,74488,2
44,t,t,32563,1
12,f,t,111575,4
69,f,t,680977,2
67,t,t,3138622,4
21,f,t,326810,1
36,t,f,472636,2
25,f,t,326757,1
52,t,t,6038434,4
80,f,t,763113,1
28,t,t,3371429,2
,f,t,6109285,13
25,f,t,111575,1
47,t,t,6038635,3
,t,f,662049,2
51,f,f,6035699,1
6,t,t,3333176,1
36,t,t,421448,2
22,f,t,110333,1
73,f,t,601099,3
,f,f,600940,1
63,f,t,20,1
8,f,t,3591052,1
30,f,t,150488,1
80,f,f,6035699,1
16,f,t,673297,1
6,f,t,175728,3
39,f,t,73796,1
33,f,t,74488,2
39,t,f,265429,1
29,f,f,74374,1
,f,t,69515,1
75,t,t,78885,1
6,f,f,73274,1
57,f,t,76526,3
13,f,t,6038196,2
10,f,t,179939,1
3,f,t,400920,1
25,f,t,150669,3
52,t,t,3138622,3
82,t,t,408562,1
28,f,f,680977,1
63,f,t,472643,5
29,t,f,266242,1
67,t,t,150652,1
12,f,t,266371,2
28,f,t,73796,3
99,t,t,431581,1
67,t,t,32563,2
6,t,t,175728,4
96,t,f,421448,2
67,f,f,6109285,1
28,t,t,6038434,5
57,t,t,111575,1
6,t,t,133715,1
96,f,t,662049,1
,t,t,73796,12
93,t,t,266178,1
77,f,t,3371429,3
1,t,t,150750,1
25,f,t,662049,3
55,f,t,493167,1
33,f,t,400762,1
21,t,f,3371429,1
81,f,t,472636,11
67,f,t,74374,4
41,f,t,266178,1
28,t,t,74356,1
72,t,t,2145610,2
6,f,f,74059,1
108,t,t,91274,1
61,t,t,6038635,1
1,f,t,835344,1
62,t,t,431581,1
32,f,f,761016,1
24,f,t,175728,3
29,f,t,150669,5
44,t,t,76840,1
18,f,f,472636,2
54,f,f,3591322,1
82,t,t,662049,1
17,t,t,778719,10
54,f,t,601099,1
36,t,t,556873,1
7,t,f,3065031,1
39,t,t,175728,1
,t,t,6038544,3
2,t,t,472636,1
10,t,t,96003,1
3,t,f,321277,1
40,t,t,207524,1
63,t,t,400746,1
67,t,t,149106,1
6,t,t,150669,3
55,f,t,150669,1
11,f,t,6109285,2
24,t,t,3138622,6
55,t,f,3591322,1
12,t,t,662049,2
7,f,t,400746,1
72,f,f,87878,1
67,t,t,669601,1
22,t,t,662049,1
31,t,t,421448,2
39,f,t,472635,1
92,t,t,74488,1
36,t,f,179849,1
24,t,t,74488,3
46,f,t,73796,1
36,f,f,184367,1
42,f,f,274898,1
6,t,t,3386735,2
3,t,t,421448,4
99,t,f,778719,1
44,f,t,493167,1
6,f,f,556878,1
57,f,t,3065031,1
15,f,t,6038705,1
6,f,t,149551,1
36,t,t,207376,2
75,f,t,504583,1
42,f,t,3591052,1
52,f,t,421448,1
44,t,t,3138622,6
12,t,t,73524,1
55,f,t,3593920,1
8,t,t,266201,1
50,t,t,6035699,2
16,f,t,85572,1
81,f,t,150750,2
26,f,t,3591052,1
25,f,t,3386735,1
75,t,t,74059,1
87,t,t,3138622,1
44,f,t,73524,1
62,f,t,493167,1
36,f,f,6038196,2
36,t,t,149551,11
29,t,t,92495,1
99,f,t,493167,1
29,t,t,80795,1
21,t,f,3492422,1
8,t,t,76753,1
6,f,t,400762,4
,t,t,32935,1
29,f,f,799093,1
14,t,t,472636,1
,f,f,74340,1
6,f,t,3065031,12
6,f,f,768558,1
47,f,t,472639,1
28,t,f,150207,1
,t,t,150617,1
28,t,t,3394824,1
31,f,t,662049,2
36,f,t,74374,5
36,f,t,3371429,2
75,f,t,150750,3
8,t,t,6036179,1
12,t,t,150669,1
25,t,t,790382,1
6,f,f,680977,29
18,f,f,778719,1
39,f,t,74059,1
72,t,t,778719,2
17,f,t,778719,8
2,f,t,6109285,2
130,t,f,81165,1
55,f,t,6109285,1
14,t,t,472633,1
94,t,t,91274,1
84,t,t,74411,1
72,f,t,798549,1
25,t,t,798867,1
94,f,f,835344,3
28,t,t,149551,2
63,f,t,601026,1
84,f,t,3138622,1
41,t,t,3591052,1
3,t,t,184050,1
12,f,t,74374,1
130,f,f,207524,1
15,f,t,80795,1
8,t,t,3371429,4
7,t,t,265144,1
22,t,t,2145610,2
21,f,t,85850,1
52,t,t,264998,2
36,t,f,504786,1
25,t,t,85528,2
33,f,t,778719,2
80,t,f,431581,1
6,f,t,680977,34
3,f,t,274884,1
12,f,t,179939,1
,f,t,778719,57
28,t,t,150669,1
26,f,t,320172,1
39,t,t,74374,4
15,t,t,6109285,4
77,f,t,175728,2
,t,t,149551,38
63,t,f,321145,1
39,f,t,669712,1
34,t,t,20,1
32,f,t,149072,2
54,t,t,149551,4
16,f,t,600846,1
21,f,t,85601,1
80,f,t,3065031,2
73,f,t,6109285,2
6,t,t,662049,3
15,f,f,835344,1
20,f,t,321431,1
,t,t,150652,5
52,t,t,32563,1
20,t,t,661952,1
69,t,t,798549,1
34,t,t,92421,1
12,f,t,400746,1
7,t,t,321154,1
47,f,t,6038705,1
6,t,t,3065783,1
29,f,t,87878,2
16,f,t,149072,1
31,f,t,680977,2
29,f,f,680977,13
52,t,t,274898,1
,t,t,194835,1
7,t,t,888076,1
,t,t,3371429,15
37,t,t,2144698,1
8,t,t,208991,1
25,f,t,6109285,1
92,t,t,422115,1
21,t,t,6038196,1
96,t,t,32502,1
56,f,f,32935,1
28,f,t,162721,1
28,f,f,179849,2
,t,t,265423,1
1,f,t,600846,1
18,t,t,6037719,2
77,t,t,32021,1
8,t,t,149072,1
41,t,t,149551,1
67,f,t,472635,1
44,f,f,680977,3
22,t,t,32935,1
12,f,t,321431,1
41,f,t,556873,1
55,t,t,3065031,4
36,t,t,180067,1
,f,t,150514,3
25,t,f,3065031,3
15,t,t,150750,9
21,f,f,73524,1
36,t,f,265429,1
73,f,t,768558,2
55,f,t,274505,1
65,f,t,150750,1
29,t,t,150750,5
45,f,t,74374,1
